C1;C2;Num;Libellé;Sens;Affectation;Cycle;NEF;Etat;Rubrique;Catégorie;Sous Catégorie;ETAT / LF;Code Rubrique;
1;10;101;Capital social;101D;B.2.1.1.;K;CP.01;Bilan;2. Capitaux Propres et Passifs;2.1. Capitaux propres;2.1.1. Capital social;F6002;F60020002;Capital social
1;10;101;Capital social;101C;B.2.1.1.;K;CP.01;Bilan;2. Capitaux Propres et Passifs;2.1. Capitaux propres;2.1.1. Capital social;F6002;F60020002;Capital social
1;10;105;Fonds de dotation;105D;B.2.1.1.;K;CP.01;Bilan;2. Capitaux Propres et Passifs;2.1. Capitaux propres;2.1.1. Capital social;F6002;F60020002;Capital social
1;10;105;Fonds de dotation;105C;B.2.1.1.;K;CP.01;Bilan;2. Capitaux Propres et Passifs;2.1. Capitaux propres;2.1.1. Capital social;F6002;F60020002;Capital social
1;10;108;Compte de l'exploitant;108D;B.2.1.1.;K;CP.01;Bilan;2. Capitaux Propres et Passifs;2.1. Capitaux propres;2.1.1. Compte de l'exploitant;F6002;F60020002;Capital social
1;10;108;Compte de l'exploitant;108C;B.2.1.1.;K;CP.01;Bilan;2. Capitaux Propres et Passifs;2.1. Capitaux propres;2.1.1. Compte de l'exploitant;F6002;F60020002;Capital social
1;10;109;Actionnaires, capital souscrit - non appelé;109D;B.2.1.1.;K;CP.01;Bilan;2. Capitaux Propres et Passifs;2.1. Capitaux propres;2.1.1. Capital social;F6002;F60020004;Autres capitaux propres
1;10;109;Actionnaires, capital souscrit - non appelé;109C;B.2.1.1.;K;CP.01;Bilan;2. Capitaux Propres et Passifs;2.1. Capitaux propres;2.1.1. Capital social;F6002;F60020004;Autres capitaux propres
1;11;111;Réserve légale;111D;B.2.1.2.;K;CP.02;Bilan;2. Capitaux Propres et Passifs;2.1. Capitaux propres;2.1.2. Réserves;F6002;F60020003;Réserves
1;11;111;Réserve légale;111C;B.2.1.2.;K;CP.02;Bilan;2. Capitaux Propres et Passifs;2.1. Capitaux propres;2.1.2. Réserves;F6002;F60020003;Réserves
1;11;112;Réserves statutaires;112D;B.2.1.2.;K;CP.02;Bilan;2. Capitaux Propres et Passifs;2.1. Capitaux propres;2.1.2. Réserves;F6002;F60020003;Réserves
1;11;112;Réserves statutaires;112C;B.2.1.2.;K;CP.02;Bilan;2. Capitaux Propres et Passifs;2.1. Capitaux propres;2.1.2. Réserves;F6002;F60020003;Réserves
1;11;117;Primes liées au capital;117D;B.2.1.2.;K;CP.02;Bilan;2. Capitaux Propres et Passifs;2.1. Capitaux propres;2.1.2. Réserves;F6002;F60020003;Réserves
1;11;117;Primes liées au capital;117C;B.2.1.2.;K;CP.02;Bilan;2. Capitaux Propres et Passifs;2.1. Capitaux propres;2.1.2. Réserves;F6002;F60020003;Réserves
1;11;118;Autres réserves;118D;B.2.1.2.;K;CP.02;Bilan;2. Capitaux Propres et Passifs;2.1. Capitaux propres;2.1.2. Réserves;F6002;F60020003;Réserves
1;11;118;Autres réserves;118C;B.2.1.2.;K;CP.02;Bilan;2. Capitaux Propres et Passifs;2.1. Capitaux propres;2.1.2. Réserves;F6002;F60020003;Réserves
1;11;119;Avoirs des actionnaires;119D;B.2.1.2.;K;CP.02;Bilan;2. Capitaux Propres et Passifs;2.1. Capitaux propres;2.1.2. Réserves;F6002;F60020003;Réserves
1;11;119;Avoirs des actionnaires;119C;B.2.1.2.;K;CP.02;Bilan;2. Capitaux Propres et Passifs;2.1. Capitaux propres;2.1.2. Réserves;F6002;F60020003;Réserves
1;12;120;RÉSULTAT EXERCICE (BÉNÉFICE);120D;B.2.1.4.;K;CP.04;Bilan;2. Capitaux Propres et Passifs;2.1. Capitaux propres;2.1.4. Résultats reportés;F6002;F60020007;Résultat de l'exercice
1;12;120;RÉSULTAT EXERCICE (BÉNÉFICE);120C;B.2.1.4.;K;CP.04;Bilan;2. Capitaux Propres et Passifs;2.1. Capitaux propres;2.1.4. Résultats reportés;F6002;F60020007;Résultat de l'exercice
1;12;121;Résultats reportés;121D;B.2.1.4.;K;CP.04;Bilan;2. Capitaux Propres et Passifs;2.1. Capitaux propres;2.1.4. Résultats reportés;F6002;F60020005;Résultats reportés
1;12;121;Résultats reportés;121C;B.2.1.4.;K;CP.04;Bilan;2. Capitaux Propres et Passifs;2.1. Capitaux propres;2.1.4. Résultats reportés;F6002;F60020005;Résultats reportés
1;12;128;Modifications comptables affectant les résultats reportés;128D;B.2.1.4.;K;CP.04;Bilan;2. Capitaux Propres et Passifs;2.1. Capitaux propres;2.1.4. Résultats reportés;F6003;F60030086;Effet positif/Modif.C.affectant Réslts Reportés
1;12;128;Modifications comptables affectant les résultats reportés;128C;B.2.1.4.;K;CP.04;Bilan;2. Capitaux Propres et Passifs;2.1. Capitaux propres;2.1.4. Résultats reportés;F6003;F60030086;Effet positif/Modif.C.affectant Réslts Reportés
1;12;129;RÉSULTAT EXERCICE (PERTE);129D;B.2.1.5.;K;CP.04;Bilan;2. Capitaux Propres et Passifs;2.1. Capitaux propres;2.1.4. Résultats reportés;F6002;F60020007;Résultat de l'exercice
1;12;129;RÉSULTAT EXERCICE (PERTE);129C;B.2.1.5.;K;CP.04;Bilan;2. Capitaux Propres et Passifs;2.1. Capitaux propres;2.1.4. Résultats reportés;F6002;F60020007;Résultat de l'exercice
1;13;131;Résultat bénéficiaire;131D;B.2.1.5.;K;CP.04;Bilan;2. Capitaux Propres et Passifs;2.1. Capitaux propres;2.1.4. Résultats reportés;F6002;F60020007;Résultat de l'exercice
1;13;131;Résultat bénéficiaire;131C;B.2.1.5.;K;CP.04;Bilan;2. Capitaux Propres et Passifs;2.1. Capitaux propres;2.1.4. Résultats reportés;F6002;F60020007;Résultat de l'exercice
1;13;135;Résultat déficitaire;135D;B.2.1.5.;K;CP.04;Bilan;2. Capitaux Propres et Passifs;2.1. Capitaux propres;2.1.4. Résultats reportés;F6002;F60020007;Résultat de l'exercice
1;13;135;Résultat déficitaire;135C;B.2.1.5.;K;CP.04;Bilan;2. Capitaux Propres et Passifs;2.1. Capitaux propres;2.1.4. Résultats reportés;F6002;F60020007;Résultat de l'exercice
1;14;141;Titres soumis à des réglementations particulières;141D;B.2.1.3.;K;CP.03;Bilan;2. Capitaux Propres et Passifs;2.1. Capitaux propres;2.1.3. Autres capitaux propres;F6002;F60020026;Provisions d'origine réglementaire
1;14;141;Titres soumis à des réglementations particulières;141C;B.2.1.3.;K;CP.03;Bilan;2. Capitaux Propres et Passifs;2.1. Capitaux propres;2.1.3. Autres capitaux propres;F6002;F60020026;Provisions d'origine réglementaire
1;14;142;Réserves réglementées & réserves soumises à un régime fiscal particulier;142D;B.2.1.3.;K;CP.03;Bilan;2. Capitaux Propres et Passifs;2.1. Capitaux propres;2.1.3. Autres capitaux propres;F6002;F60020026;Provisions d'origine réglementaire
1;14;142;Réserves réglementées & réserves soumises à un régime fiscal particulier;142C;B.2.1.3.;K;CP.03;Bilan;2. Capitaux Propres et Passifs;2.1. Capitaux propres;2.1.3. Autres capitaux propres;F6002;F60020026;Provisions d'origine réglementaire
1;14;143;Amortissements dérogatoires;143D;B.2.1.3.;K;CP.03;Bilan;2. Capitaux Propres et Passifs;2.1. Capitaux propres;2.1.3. Autres capitaux propres;F6002;F60020029;Provisions pour amortissement
1;14;143;Amortissements dérogatoires;143C;B.2.1.3.;K;CP.03;Bilan;2. Capitaux Propres et Passifs;2.1. Capitaux propres;2.1.3. Autres capitaux propres;F6002;F60020029;Provisions pour amortissement
1;14;144;Réserve spéciale de réévaluation;144D;B.2.1.3.;K;CP.03;Bilan;2. Capitaux Propres et Passifs;2.1. Capitaux propres;2.1.3. Autres capitaux propres;F6002;F60020026;Provisions d'origine réglementaire
1;14;144;Réserve spéciale de réévaluation;144C;B.2.1.3.;K;CP.03;Bilan;2. Capitaux Propres et Passifs;2.1. Capitaux propres;2.1.3. Autres capitaux propres;F6002;F60020026;Provisions d'origine réglementaire
1;14;145;Subventions d'investissement;145D;B.2.1.3.;K;CP.03;Bilan;2. Capitaux Propres et Passifs;2.1. Capitaux propres;2.1.3. Autres capitaux propres;F6002;F60020004;Autres capitaux propres
1;14;145;Subventions d'investissement;145C;B.2.1.3.;K;CP.03;Bilan;2. Capitaux Propres et Passifs;2.1. Capitaux propres;2.1.3. Autres capitaux propres;F6002;F60020004;Autres capitaux propres
1;14;147;Compte du concédant;147D;B.2.1.3.;K;CP.03;Bilan;2. Capitaux Propres et Passifs;2.1. Capitaux propres;2.1.3. Autres capitaux propres;F6002;F60020004;Autres capitaux propres
1;14;147;Compte du concédant;147C;B.2.1.3.;K;CP.03;Bilan;2. Capitaux Propres et Passifs;2.1. Capitaux propres;2.1.3. Autres capitaux propres;F6002;F60020004;Autres capitaux propres
1;15;151;Provisions pour risques;151D;B.3.1.3.;L;P.03;Bilan;3. Passifs;3.1. Passifs non courants;3.1.3. Provisions;F6002;F60020023;Provisions pour risques
1;15;151;Provisions pour risques;151C;B.3.1.3.;L;P.03;Bilan;3. Passifs;3.1. Passifs non courants;3.1.3. Provisions;F6002;F60020023;Provisions pour risques
1;15;152;Provisions pour charges à répartir sur plusieurs exercices;152D;B.3.1.3.;L;P.03;Bilan;3. Passifs;3.1. Passifs non courants;3.1.3. Provisions;F6002;F60020024;Prov.pour charges à répartir/plusieurs exercices
1;15;152;Provisions pour charges à répartir sur plusieurs exercices;152C;B.3.1.3.;L;P.03;Bilan;3. Passifs;3.1. Passifs non courants;3.1.3. Provisions;F6002;F60020024;Prov.pour charges à répartir/plusieurs exercices
1;15;153;Provisions pour retraites et obligations similaires;153D;B.3.1.3.;L;P.03;Bilan;3. Passifs;3.1. Passifs non courants;3.1.3. Provisions;F6002;F60020025;Prov.pour retraites et obligations similaires
1;15;153;Provisions pour retraites et obligations similaires;153C;B.3.1.3.;L;P.03;Bilan;3. Passifs;3.1. Passifs non courants;3.1.3. Provisions;F6002;F60020025;Prov.pour retraites et obligations similaires
1;15;154;Provisions d'origine réglementaire;154D;B.3.1.3.;L;P.03;Bilan;3. Passifs;3.1. Passifs non courants;3.1.3. Provisions;F6002;F60020026;Provisions d'origine réglementaire
1;15;154;Provisions d'origine réglementaire;154C;B.3.1.3.;L;P.03;Bilan;3. Passifs;3.1. Passifs non courants;3.1.3. Provisions;F6002;F60020026;Provisions d'origine réglementaire
1;15;155;Provisions pour impôts;155D;B.3.1.3.;L;P.03;Bilan;3. Passifs;3.1. Passifs non courants;3.1.3. Provisions;F6002;F60020027;Provisions pour impéts
1;15;155;Provisions pour impôts;155C;B.3.1.3.;L;P.03;Bilan;3. Passifs;3.1. Passifs non courants;3.1.3. Provisions;F6002;F60020027;Provisions pour impéts
1;15;156;Provisions pour renouvellement des immobilisations;156D;B.3.1.3.;L;P.03;Bilan;3. Passifs;3.1. Passifs non courants;3.1.3. Provisions;F6002;F60020028;Prov.pour renouvellement des immobilisations
1;15;156;Provisions pour renouvellement des immobilisations;156C;B.3.1.3.;L;P.03;Bilan;3. Passifs;3.1. Passifs non courants;3.1.3. Provisions;F6002;F60020028;Prov.pour renouvellement des immobilisations
1;15;157;Provisions pour amortissement;157D;B.3.1.3.;L;P.03;Bilan;3. Passifs;3.1. Passifs non courants;3.1.3. Provisions;F6002;F60020029;Provisions pour amortissement
1;15;157;Provisions pour amortissement;157C;B.3.1.3.;L;P.03;Bilan;3. Passifs;3.1. Passifs non courants;3.1.3. Provisions;F6002;F60020029;Provisions pour amortissement
1;15;158;Autres provisions pour charges;158D;B.3.1.3.;L;P.03;Bilan;3. Passifs;3.1. Passifs non courants;3.1.3. Provisions;F6002;F60020030;Autres provisions pour charges
1;15;158;Autres provisions pour charges;158C;B.3.1.3.;L;P.03;Bilan;3. Passifs;3.1. Passifs non courants;3.1.3. Provisions;F6002;F60020030;Autres provisions pour charges
1;16;161;Emprunts obligataires (assorties de sûretés);161D;B.3.1.1.;M;P.01;Bilan;3. Passifs;3.1. Passifs non courants;3.1.1. Emprunts;F6002;F60020011;Emprunts obligataires (assortis de sûretés)
1;16;161;Emprunts obligataires (assorties de sûretés);161C;B.3.1.1.;M;P.01;Bilan;3. Passifs;3.1. Passifs non courants;3.1.1. Emprunts;F6002;F60020011;Emprunts obligataires (assortis de sûretés)
1;16;162;Emprunts auprès des établissements financiers (assorties de sûretés);162D;B.3.1.1.;M;P.01;Bilan;3. Passifs;3.1. Passifs non courants;3.1.1. Emprunts;F6002;F60020012;Empts auprès d'étab.Fin. (assortis de sûretés)
1;16;162;Emprunts auprès des établissements financiers (assorties de sûretés);162C;B.3.1.1.;M;P.01;Bilan;3. Passifs;3.1. Passifs non courants;3.1.1. Emprunts;F6002;F60020012;Empts auprès d'étab.Fin. (assortis de sûretés)
1;16;163;Emprunts auprès d'autres établissements financiers (assorties de sûretés);163D;B.3.1.1.;M;P.01;Bilan;3. Passifs;3.1. Passifs non courants;3.1.1. Emprunts;F6002;F60020013;Empts auprès d'étab.Fin. (assorti de sûretés)
1;16;163;Emprunts auprès d'autres établissements financiers (assorties de sûretés);163C;B.3.1.1.;M;P.01;Bilan;3. Passifs;3.1. Passifs non courants;3.1.1. Emprunts;F6002;F60020013;Empts auprès d'étab.Fin. (assorti de sûretés)
1;16;164;Emprunts et dettes assorties de conditions particulières;164D;B.3.1.1.;M;P.01;Bilan;3. Passifs;3.1. Passifs non courants;3.1.1. Emprunts;F6002;F60020014;Empts et dettes assorties de condit. particuliéres
1;16;164;Emprunts et dettes assorties de conditions particulières;164C;B.3.1.1.;M;P.01;Bilan;3. Passifs;3.1. Passifs non courants;3.1.1. Emprunts;F6002;F60020014;Empts et dettes assorties de condit. particuliéres
1;16;165;Emprunts non assorties de sûretés (à subdiviser selon l'ordre des comptes des emprunts);165D;B.3.1.1.;M;P.01;Bilan;3. Passifs;3.1. Passifs non courants;3.1.1. Emprunts;F6002;F60020015;Emprunts non assortis de sûretés
1;16;165;Emprunts non assorties de sûretés (à subdiviser selon l'ordre des comptes des emprunts);165C;B.3.1.1.;M;P.01;Bilan;3. Passifs;3.1. Passifs non courants;3.1.1. Emprunts;F6002;F60020015;Emprunts non assortis de sûretés
1;16;166;Dettes rattachées à des participations;166D;B.3.1.1.;M;P.01;Bilan;3. Passifs;3.1. Passifs non courants;3.1.1. Emprunts;F6002;F60020016;Dettes rattachées à des participations
1;16;166;Dettes rattachées à des participations;166C;B.3.1.1.;M;P.01;Bilan;3. Passifs;3.1. Passifs non courants;3.1.1. Emprunts;F6002;F60020016;Dettes rattachées à des participations
1;16;167;Dépôts & cautionnements reçus;167D;B.3.1.1.;M;P.01;Bilan;3. Passifs;3.1. Passifs non courants;3.1.1. Emprunts;F6002;F60020017;Dépôts  et  cautionnements reçus
1;16;167;Dépôts & cautionnements reçus;167C;B.3.1.1.;M;P.01;Bilan;3. Passifs;3.1. Passifs non courants;3.1.1. Emprunts;F6002;F60020017;Dépôts  et  cautionnements reçus
1;16;168;Autres emprunts et dettes;168D;B.3.1.1.;M;P.01;Bilan;3. Passifs;3.1. Passifs non courants;3.1.1. Emprunts;F6002;F60020018;Autres emprunts et dettes
1;16;168;Autres emprunts et dettes;168C;B.3.1.1.;M;P.01;Bilan;3. Passifs;3.1. Passifs non courants;3.1.1. Emprunts;F6002;F60020018;Autres emprunts et dettes
1;17;171;Comptes des liaison des établissements;171D;B.3.1.2.;M;P.02;Bilan;3. Passifs;3.1. Passifs non courants;3.1.2. Autres passifs financiers;F6002;F60020021;Autres passifs financiers
1;17;171;Comptes des liaison des établissements;171C;B.3.1.2.;M;P.02;Bilan;3. Passifs;3.1. Passifs non courants;3.1.2. Autres passifs financiers;F6002;F60020021;Autres passifs financiers
1;17;176;Biens & prestations de services échangés entre établissements (charges);176D;B.3.1.2.;M;P.02;Bilan;3. Passifs;3.1. Passifs non courants;3.1.2. Autres passifs financiers;F6002;F60020021;Autres passifs financiers
1;17;176;Biens & prestations de services échangés entre établissements (charges);176C;B.3.1.2.;M;P.02;Bilan;3. Passifs;3.1. Passifs non courants;3.1.2. Autres passifs financiers;F6002;F60020021;Autres passifs financiers
1;17;177;Biens & prestations de services échangés entre établissements (produits);177D;B.3.1.2.;M;P.02;Bilan;3. Passifs;3.1. Passifs non courants;3.1.2. Autres passifs financiers;F6002;F60020021;Autres passifs financiers
1;17;177;Biens & prestations de services échangés entre établissements (produits);177C;B.3.1.2.;M;P.02;Bilan;3. Passifs;3.1. Passifs non courants;3.1.2. Autres passifs financiers;F6002;F60020021;Autres passifs financiers
1;18;185;Écarts de conversion;185D;B.3.1.2.;M;P.02;Bilan;3. Passifs;3.1. Passifs non courants;3.1.2. Autres passifs financiers;F6002;F60020020;Ecarts de conversion
1;18;185;Écarts de conversion;185C;B.3.1.2.;M;P.02;Bilan;3. Passifs;3.1. Passifs non courants;3.1.2. Autres passifs financiers;F6002;F60020020;Ecarts de conversion
1;18;188;Autres;188D;B.3.1.2.;M;P.02;Bilan;3. Passifs;3.1. Passifs non courants;3.1.2. Autres passifs financiers;F6002;F60020052;Autres Postes des Capitaux Propres et Passifs du Bilan
1;18;188;Autres;188C;B.3.1.2.;M;P.02;Bilan;3. Passifs;3.1. Passifs non courants;3.1.2. Autres passifs financiers;F6002;F60020052;Autres Postes des Capitaux Propres et Passifs du Bilan
2;21;210;Autres immoblisations incorporelles;210D;B.1.1.1.;C;A.01;Bilan;1. Actifs;1.1. Actifs non courants;1.1.1. Immobilisations incorporelles;F6001;F60010009;Autres Immobilisations Incorporelles
2;21;211;Investissements de recherche & de développement;211D;B.1.1.1.;C;A.01;Bilan;1. Actifs;1.1. Actifs non courants;1.1.1. Immobilisations incorporelles;F6001;F60010004;Investissement recherche et developpement
2;21;212;Concessions de marques, brevets, licences, marques, procédés & valeurs similaires;212D;B.1.1.1.;C;A.01;Bilan;1. Actifs;1.1. Actifs non courants;1.1.1. Immobilisations incorporelles;F6001;F60010005;Concess. marque,brevet,licence,marque
2;21;213;Logiciels;213D;B.1.1.1.;C;A.01;Bilan;1. Actifs;1.1. Actifs non courants;1.1.1. Immobilisations incorporelles;F6001;F60010006;Logiciels
2;21;214;Fonds commercial;214D;B.1.1.1.;C;A.01;Bilan;1. Actifs;1.1. Actifs non courants;1.1.1. Immobilisations incorporelles;F6001;F60010007;Fonds commercial
2;21;216;Droit au bail;216D;B.1.1.1.;C;A.01;Bilan;1. Actifs;1.1. Actifs non courants;1.1.1. Immobilisations incorporelles;F6001;F60010008;Droit au bail
2;21;218;Autres immobilisations incorporelles;218D;B.1.1.1.;C;A.01;Bilan;1. Actifs;1.1. Actifs non courants;1.1.1. Immobilisations incorporelles;F6001;F60010009;Autres Immobilisations Incorporelles
2;22;221;Terrains;221D;B.1.1.3.;D;A.03;Bilan;1. Actifs;1.1. Actifs non courants;1.1.3. Immobilisations corporelles;F6001;F60010013;Terrains
2;22;222;Constructions;222D;B.1.1.3.;D;A.03;Bilan;1. Actifs;1.1. Actifs non courants;1.1.3. Immobilisations corporelles;F6001;F60010014;Constructions
2;22;223;Installations techniques, matériel et outillage industriels;223D;B.1.1.3.;D;A.03;Bilan;1. Actifs;1.1. Actifs non courants;1.1.3. Immobilisations corporelles;F6001;F60010015;Inst. Tech., materiel et outillages Industriels
2;22;224;Matériel de transport;224D;B.1.1.3.;D;A.03;Bilan;1. Actifs;1.1. Actifs non courants;1.1.3. Immobilisations corporelles;F6001;F60010016;Materiel de transport 
2;22;225;AMENAGEMENT CONSTRUCTION;225D;B.1.1.3.;D;A.03;Bilan;1. Actifs;1.1. Actifs non courants;1.1.3. Immobilisations corporelles;F6001;F60010017;Autres Immobilisations Corporelles 
2;22;228;Autres immobilisations corporelles;228D;B.1.1.3.;D;A.03;Bilan;1. Actifs;1.1. Actifs non courants;1.1.3. Immobilisations corporelles;F6001;F60010017;Autres Immobilisations Corporelles 
2;23;230;IMMOBILISATION ENCOURS;230D;B.1.1.3.;D;A.03;Bilan;1. Actifs;1.1. Actifs non courants;1.1.3. Immobilisations corporelles;F6001;F60010018;Immob. Corporelles en cours
2;23;231;Immobilisations incorporelles en cours;231D;B.1.1.3.;C;A.03;Bilan;1. Actifs;1.1. Actifs non courants;1.1.3. Immobilisations corporelles;F6001;F60010010;Immobilisations Incorporelles en cours
2;23;232;Immobilisations corporelles en cours;232D;B.1.1.3.;D;A.03;Bilan;1. Actifs;1.1. Actifs non courants;1.1.3. Immobilisations corporelles;F6001;F60010018;Immob. Corporelles en cours
2;23;237;Avances & acomptes versés sur immobilisations incorporelles;237D;B.1.1.3.;C;A.03;Bilan;1. Actifs;1.1. Actifs non courants;1.1.3. Immobilisations corporelles;F6001;F60010011;Av. et Ac. Verses/Cmde.Immob.Incorp.
2;23;238;Avances & acomptes versés sur commandes d'immobilisations corporelles;238D;B.1.1.3.;D;A.03;Bilan;1. Actifs;1.1. Actifs non courants;1.1.3. Immobilisations corporelles;F6001;F60010019;Av. et Ac. Verses/Commande Immob.Corp.
2;24;240;IMMO. A STATUT JURIDIQUE PARTICULIER;240D;B.1.1.3.;D;A.03;Bilan;1. Actifs;1.1. Actifs non courants;1.1.3. Immobilisations corporelles;F6001;F60010020;Immob. a statut juridique particulier
2;25;251;Titres de participation;251D;B.1.1.5.;E;A.05;Bilan;1. Actifs;1.1. Actifs non courants;1.1.5. Immobilisations financières;F6001;F60010022;Actions
2;25;256;Autres formes de participation;256D;B.1.1.5.;E;A.05;Bilan;1. Actifs;1.1. Actifs non courants;1.1.5. Immobilisations financières;F6001;F60010023;Autres creances rattach. a des participat.
2;25;257;Créances rattachées à des participations;257D;B.1.1.5.;E;A.05;Bilan;1. Actifs;1.1. Actifs non courants;1.1.5. Immobilisations financières;F6001;F60010023;Autres creances rattach. a des participat.
2;25;258;Créances rattachées à des sociétés en participation;258D;B.1.1.5.;E;A.05;Bilan;1. Actifs;1.1. Actifs non courants;1.1.5. Immobilisations financières;F6001;F60010024;Creances rattach. a des stes en participat.
2;25;259;Versements restant à effectuer sur titres de participation non libérés;259D;B.1.1.5.;E;A.05;Bilan;1. Actifs;1.1. Actifs non courants;1.1.5. Immobilisations financières;F6001;F60010025;Vers.a eff./titre de participation non liberes
2;26;261;Titres immobilisés (droit de propriété);261D;B.1.1.5.;E;A.05;Bilan;1. Actifs;1.1. Actifs non courants;1.1.5. Immobilisations financières;F6001;F60010026;Titres immobilises (droit de propriete)
2;26;262;Titres immobilisés (droit de créance);262D;B.1.1.5.;E;A.05;Bilan;1. Actifs;1.1. Actifs non courants;1.1.5. Immobilisations financières;F6001;F60010027;Titres immobilises (droit de creance)
2;26;264;Prêts;264D;B.1.1.5.;E;A.05;Bilan;1. Actifs;1.1. Actifs non courants;1.1.5. Immobilisations financières;F6001;F60010029;Autres creances immobilisees
2;26;265;Dépôts et cautionnements versés;265D;B.1.1.5.;E;A.05;Bilan;1. Actifs;1.1. Actifs non courants;1.1.5. Immobilisations financières;F6001;F60010028;Depots et cautionnements verses
2;26;266;Autres créances immobilisées;266D;B.1.1.5.;E;A.05;Bilan;1. Actifs;1.1. Actifs non courants;1.1.5. Immobilisations financières;F6001;F60010029;Autres creances immobilisees
2;26;269;Versements restant à effectuer sur titres immobilisés non libérés;269D;B.1.1.5.;E;A.05;Bilan;1. Actifs;1.1. Actifs non courants;1.1.5. Immobilisations financières;F6001;F60010030;Vers.a eff./Titres immobilises non liberes
2;27;271;Frais préliminaires;271D;B.1.1.7.;C;A.07;Bilan;1. Actifs;1.1. Actifs non courants;1.1.7. Autres actifs non courants;F6001;F60010032;Frais preliminaires
2;27;272;Charges à répartir;272D;B.1.1.7.;C;A.07;Bilan;1. Actifs;1.1. Actifs non courants;1.1.7. Autres actifs non courants;F6001;F60010033;Charges a repartir
2;27;273;Frais d'émission et primes de remboursement des emprunts;273D;B.1.1.7.;C;A.07;Bilan;1. Actifs;1.1. Actifs non courants;1.1.7. Autres actifs non courants;F6001;F60010034;Frais d'emission et primes de Remb. Empts
2;27;275;Écarts de conversion;275D;B.1.1.7.;C;A.07;Bilan;1. Actifs;1.1. Actifs non courants;1.1.7. Autres actifs non courants;F6001;F60010035;ecarts de conversion
2;27;278;Autres;278D;B.1.1.7.;C;A.07;Bilan;1. Actifs;1.1. Actifs non courants;1.1.7. Autres actifs non courants;F6001;F60010067;Autres Postes des Actifs du Bilan
2;28;280;AMORT. AUTRES IMMOB. INCORP.;280C;B.1.1.2.;C;A.02;Bilan;1. Actifs;1.1. Actifs non courants;1.1.2. Moins : amortissements;F6001;F60010017;Autres Immobilisations Corporelles 
2;28;281;Amortissements des immobilisations incorporelles (même ventilation que celle du compte 21);281D;B.1.1.2.;C;A.02;Bilan;1. Actifs;1.1. Actifs non courants;1.1.2. Moins : amortissements;F6001;F60010017;Autres Immobilisations Corporelles 
2;28;281;Amortissements des immobilisations incorporelles (même ventilation que celle du compte 21);281C;B.1.1.2.;C;A.02;Bilan;1. Actifs;1.1. Actifs non courants;1.1.2. Moins : amortissements;F6001;F60010017;Autres Immobilisations Corporelles 
2;28;282;Amortissements des immobilisations corporelles (même ventilation que celle du compte 22);282D;B.1.1.4.;D;A.04;Bilan;1. Actifs;1.1. Actifs non courants;1.1.4. Moins : amortissements;F6001;F60010017;Autres Immobilisations Corporelles 
2;28;282;Amortissements des immobilisations corporelles (même ventilation que celle du compte 22);282C;B.1.1.4.;D;A.04;Bilan;1. Actifs;1.1. Actifs non courants;1.1.4. Moins : amortissements;F6001;F60010017;Autres Immobilisations Corporelles 
2;28;284;Amortissements des immobilisations à statut juridique particulier;284D;B.1.1.4.;D;A.04;Bilan;1. Actifs;1.1. Actifs non courants;1.1.4. Moins : amortissements;F6001;F60010020;Immob. a statut juridique particulier
2;28;284;Amortissements des immobilisations à statut juridique particulier;284C;B.1.1.4.;D;A.04;Bilan;1. Actifs;1.1. Actifs non courants;1.1.4. Moins : amortissements;F6001;F60010020;Immob. a statut juridique particulier
2;29;291;Provisions pour dépréciation des immobilisations incorporelles (même ventilation que celle du compte 21);291D;B.1.1.2.;C;A.02;Bilan;1. Actifs;1.1. Actifs non courants;1.1.2. Moins : amortissements;F6001;;
2;29;291;Provisions pour dépréciation des immobilisations incorporelles (même ventilation que celle du compte 21);291C;B.1.1.2.;C;A.02;Bilan;1. Actifs;1.1. Actifs non courants;1.1.2. Moins : amortissements;F6001;;
2;29;292;Provisions pour dépréciation des immobilisations corporelles (même ventilation que celle du compte 22);292D;B.1.1.4.;D;A.04;Bilan;1. Actifs;1.1. Actifs non courants;1.1.4. Moins : amortissements;F6001;;
2;29;292;Provisions pour dépréciation des immobilisations corporelles (même ventilation que celle du compte 22);292C;B.1.1.4.;D;A.04;Bilan;1. Actifs;1.1. Actifs non courants;1.1.4. Moins : amortissements;F6001;;
2;29;293;Provisions pour dépréciation des immobilisations en cours (même ventilation que celle du compte 23);293D;B.1.1.4.;D;A.04;Bilan;1. Actifs;1.1. Actifs non courants;1.1.4. Moins : amortissements;F6001;;
2;29;293;Provisions pour dépréciation des immobilisations en cours (même ventilation que celle du compte 23);293C;B.1.1.4.;D;A.04;Bilan;1. Actifs;1.1. Actifs non courants;1.1.4. Moins : amortissements;F6001;;
2;29;294;Provisions pour dépréciation des immobilisations à statut juridique particulier;294D;B.1.1.4.;D;A.04;Bilan;1. Actifs;1.1. Actifs non courants;1.1.4. Moins : amortissements;F6001;;
2;29;294;Provisions pour dépréciation des immobilisations à statut juridique particulier;294C;B.1.1.4.;D;A.04;Bilan;1. Actifs;1.1. Actifs non courants;1.1.4. Moins : amortissements;F6001;;
2;29;295;Provisions pour dépréciation des participations et des créances liées à des participations (même ventilation que celle du compte 25);295D;B.1.1.6.;E;A.06;Bilan;1. Actifs;1.1. Actifs non courants;1.1.6. Moins : provisions;F6001;;
2;29;295;Provisions pour dépréciation des participations et des créances liées à des participations (même ventilation que celle du compte 25);295C;B.1.1.6.;E;A.06;Bilan;1. Actifs;1.1. Actifs non courants;1.1.6. Moins : provisions;F6001;;
2;29;296;Provisions pour dépréciation des autres immobilisations financières (même ventilation que celle du compte 26);296D;B.1.1.6.;E;A.06;Bilan;1. Actifs;1.1. Actifs non courants;1.1.6. Moins : provisions;F6001;;
2;29;296;Provisions pour dépréciation des autres immobilisations financières (même ventilation que celle du compte 26);296C;B.1.1.6.;E;A.06;Bilan;1. Actifs;1.1. Actifs non courants;1.1.6. Moins : provisions;F6001;;
3;31;310;STOCKS;310D;B.1.2.1.;F;A.08;Bilan;1. Actifs;1.2. Actifs courants;1.2.1. Stocks;F6001;F60010039;Stocks Autres Approvisionnements
3;31;311;Stocks Matières premières;311D;B.1.2.1.;F;A.08;Bilan;1. Actifs;1.2. Actifs courants;1.2.1. Stocks;F6001;F60010038;Stocks Matieres Premieres et Fournit. Liees
3;31;313;Stocks Fournitures;313D;B.1.2.1.;F;A.08;Bilan;1. Actifs;1.2. Actifs courants;1.2.1. Stocks;F6001;F60010038;Stocks Matieres Premieres et Fournit. Liees
3;31;317;Stocks Autres;317D;B.1.2.1.;F;A.08;Bilan;1. Actifs;1.2. Actifs courants;1.2.1. Stocks;F6001;F60010039;Stocks Autres Approvisionnements
3;32;321;Stocks Matières consommables;321D;B.1.2.1.;F;A.08;Bilan;1. Actifs;1.2. Actifs courants;1.2.1. Stocks;F6001;F60010039;Stocks Autres Approvisionnements
3;32;322;Stocks Fournitures consommables;322D;B.1.2.1.;F;A.08;Bilan;1. Actifs;1.2. Actifs courants;1.2.1. Stocks;F6001;F60010039;Stocks Autres Approvisionnements
3;32;326;Stocks Emballages;326D;B.1.2.1.;F;A.08;Bilan;1. Actifs;1.2. Actifs courants;1.2.1. Stocks;F6001;F60010039;Stocks Autres Approvisionnements
3;32;327;Stocks Autres;327D;B.1.2.1.;F;A.08;Bilan;1. Actifs;1.2. Actifs courants;1.2.1. Stocks;F6001;F60010039;Stocks Autres Approvisionnements
3;33;331;Stocks Produits en cours;331D;B.1.2.1.;F;A.08;Bilan;1. Actifs;1.2. Actifs courants;1.2.1. Stocks;F6001;F60010040;Stocks En-cours de production de biens
3;33;335;Stocks Travaux en cours;335D;B.1.2.1.;F;A.08;Bilan;1. Actifs;1.2. Actifs courants;1.2.1. Stocks;F6001;F60010040;Stocks En-cours de production de biens
3;34;341;Stocks Études en cours;341D;B.1.2.1.;F;A.08;Bilan;1. Actifs;1.2. Actifs courants;1.2.1. Stocks;F6001;F60010041;Stocks En-cours de production services
3;34;345;Stocks Prestations de services en cours;345D;B.1.2.1.;F;A.08;Bilan;1. Actifs;1.2. Actifs courants;1.2.1. Stocks;F6001;F60010041;Stocks En-cours de production services
3;35;351;Stocks Produits intermédiaires;351D;B.1.2.1.;F;A.08;Bilan;1. Actifs;1.2. Actifs courants;1.2.1. Stocks;F6001;F60010042;Stocks de produits
3;35;355;Stocks Produits finis;355D;B.1.2.1.;F;A.08;Bilan;1. Actifs;1.2. Actifs courants;1.2.1. Stocks;F6001;F60010042;Stocks de produits
3;35;357;Stocks Produits résiduels;357D;B.1.2.1.;F;A.08;Bilan;1. Actifs;1.2. Actifs courants;1.2.1. Stocks;F6001;F60010042;Stocks de produits
3;37;370;STOCK MSES;370D;B.1.2.1.;F;A.08;Bilan;1. Actifs;1.2. Actifs courants;1.2.1. Stocks;F6001;F60010043;Stocks de marchandises
3;39;391;Provisions pour dépréciation des Stocks Matières premières;391D;B.1.2.2.;F;A.09;Bilan;1. Actifs;1.2. Actifs courants;1.2.2. Moins : provisions;F6001;F60010038;Stocks Matieres Premieres et Fournit. Liees
3;39;391;Provisions pour dépréciation des Stocks Matières premières;391C;B.1.2.2.;F;A.09;Bilan;1. Actifs;1.2. Actifs courants;1.2.2. Moins : provisions;F6001;F60010038;Stocks Matieres Premieres et Fournit. Liees
3;39;391;Provisions pour dépréciation des Stocks Fournitures;391D;B.1.2.2.;F;A.09;Bilan;1. Actifs;1.2. Actifs courants;1.2.2. Moins : provisions;F6001;F60010038;Stocks Matieres Premieres et Fournit. Liees
3;39;391;Provisions pour dépréciation des Stocks Fournitures;391C;B.1.2.2.;F;A.09;Bilan;1. Actifs;1.2. Actifs courants;1.2.2. Moins : provisions;F6001;F60010038;Stocks Matieres Premieres et Fournit. Liees
3;39;391;Provisions pour dépréciation des Stocks Autres;391D;B.1.2.2.;F;A.09;Bilan;1. Actifs;1.2. Actifs courants;1.2.2. Moins : provisions;F6001;F60010039;Stocks Autres Approvisionnements
3;39;391;Provisions pour dépréciation des Stocks Autres;391C;B.1.2.2.;F;A.09;Bilan;1. Actifs;1.2. Actifs courants;1.2.2. Moins : provisions;F6001;F60010039;Stocks Autres Approvisionnements
3;39;392;Provisions pour dépréciation des Stocks Matières consommables;392D;B.1.2.2.;F;A.09;Bilan;1. Actifs;1.2. Actifs courants;1.2.2. Moins : provisions;F6001;F60010039;Stocks Autres Approvisionnements
3;39;392;Provisions pour dépréciation des Stocks Matières consommables;392C;B.1.2.2.;F;A.09;Bilan;1. Actifs;1.2. Actifs courants;1.2.2. Moins : provisions;F6001;F60010039;Stocks Autres Approvisionnements
3;39;392;Provisions pour dépréciation des Stocks Fournitures consommables;392D;B.1.2.2.;F;A.09;Bilan;1. Actifs;1.2. Actifs courants;1.2.2. Moins : provisions;F6001;F60010039;Stocks Autres Approvisionnements
3;39;392;Provisions pour dépréciation des Stocks Fournitures consommables;392C;B.1.2.2.;F;A.09;Bilan;1. Actifs;1.2. Actifs courants;1.2.2. Moins : provisions;F6001;F60010039;Stocks Autres Approvisionnements
3;39;392;Provisions pour dépréciation des Stocks Emballages;392D;B.1.2.2.;F;A.09;Bilan;1. Actifs;1.2. Actifs courants;1.2.2. Moins : provisions;F6001;F60010039;Stocks Autres Approvisionnements
3;39;392;Provisions pour dépréciation des Stocks Emballages;392C;B.1.2.2.;F;A.09;Bilan;1. Actifs;1.2. Actifs courants;1.2.2. Moins : provisions;F6001;F60010039;Stocks Autres Approvisionnements
3;39;392;Provisions pour dépréciation des Stocks Autres;392D;B.1.2.2.;F;A.09;Bilan;1. Actifs;1.2. Actifs courants;1.2.2. Moins : provisions;F6001;F60010039;Stocks Autres Approvisionnements
3;39;392;Provisions pour dépréciation des Stocks Autres;392C;B.1.2.2.;F;A.09;Bilan;1. Actifs;1.2. Actifs courants;1.2.2. Moins : provisions;F6001;F60010039;Stocks Autres Approvisionnements
3;39;393;Provisions pour dépréciation des Stocks Produits en cours;393D;B.1.2.2.;F;A.09;Bilan;1. Actifs;1.2. Actifs courants;1.2.2. Moins : provisions;F6001;F60010040;Stocks En-cours de production de biens
3;39;393;Provisions pour dépréciation des Stocks Produits en cours;393C;B.1.2.2.;F;A.09;Bilan;1. Actifs;1.2. Actifs courants;1.2.2. Moins : provisions;F6001;F60010040;Stocks En-cours de production de biens
3;39;393;Provisions pour dépréciation des Stocks Travaux en cours;393D;B.1.2.2.;F;A.09;Bilan;1. Actifs;1.2. Actifs courants;1.2.2. Moins : provisions;F6001;F60010040;Stocks En-cours de production de biens
3;39;393;Provisions pour dépréciation des Stocks Travaux en cours;393C;B.1.2.2.;F;A.09;Bilan;1. Actifs;1.2. Actifs courants;1.2.2. Moins : provisions;F6001;F60010040;Stocks En-cours de production de biens
3;39;394;Provisions pour dépréciation des Stocks Études en cours;394D;B.1.2.2.;F;A.09;Bilan;1. Actifs;1.2. Actifs courants;1.2.2. Moins : provisions;F6001;F60010040;Stocks En-cours de production de biens
3;39;394;Provisions pour dépréciation des Stocks Études en cours;394C;B.1.2.2.;F;A.09;Bilan;1. Actifs;1.2. Actifs courants;1.2.2. Moins : provisions;F6001;F60010040;Stocks En-cours de production de biens
3;39;394;Provisions pour dépréciation des Stocks Prestations de services en cours;394D;B.1.2.2.;F;A.09;Bilan;1. Actifs;1.2. Actifs courants;1.2.2. Moins : provisions;F6001;F60010042;Stocks de produits
3;39;394;Provisions pour dépréciation des Stocks Prestations de services en cours;394C;B.1.2.2.;F;A.09;Bilan;1. Actifs;1.2. Actifs courants;1.2.2. Moins : provisions;F6001;F60010042;Stocks de produits
3;39;395;Provisions pour dépréciation des Stocks Produits intermédiaires;395D;B.1.2.2.;F;A.09;Bilan;1. Actifs;1.2. Actifs courants;1.2.2. Moins : provisions;F6001;F60010042;Stocks de produits
3;39;395;Provisions pour dépréciation des Stocks Produits intermédiaires;395C;B.1.2.2.;F;A.09;Bilan;1. Actifs;1.2. Actifs courants;1.2.2. Moins : provisions;F6001;F60010042;Stocks de produits
3;39;395;Provisions pour dépréciation des Stocks Produits finis;395D;B.1.2.2.;F;A.09;Bilan;1. Actifs;1.2. Actifs courants;1.2.2. Moins : provisions;F6001;F60010042;Stocks de produits
3;39;395;Provisions pour dépréciation des Stocks Produits finis;395C;B.1.2.2.;F;A.09;Bilan;1. Actifs;1.2. Actifs courants;1.2.2. Moins : provisions;F6001;F60010042;Stocks de produits
3;39;395;Provisions pour dépréciation des Stocks Produits résiduels;395D;B.1.2.2.;F;A.09;Bilan;1. Actifs;1.2. Actifs courants;1.2.2. Moins : provisions;F6001;F60010042;Stocks de produits
3;39;395;Provisions pour dépréciation des Stocks Produits résiduels;395C;B.1.2.2.;F;A.09;Bilan;1. Actifs;1.2. Actifs courants;1.2.2. Moins : provisions;F6001;F60010042;Stocks de produits
4;40;401;Fournisseurs d'exploitation;401D;B.1.2.5.;N;A.12;Bilan;1. Actifs;1.2. Actifs courants;1.2.5. Autres actifs courants;F6002;F60010051;Fournisseurs debiteurs
4;40;401;Fournisseurs d'exploitation;401C;B.3.2.4.;N;P.04;Bilan;3. Passifs;3.2. Passifs courants;3.2.4. Fournisseurs et comptes rattachés;F6002;F60020033;Fournisseurs d'exploitation
4;40;403;Fournisseurs d'exploitation - effets à payer;403D;B.1.2.5.;N;A.12;Bilan;1. Actifs;1.2. Actifs courants;1.2.5. Autres actifs courants;F6002;F60010051;Fournisseurs debiteurs
4;40;403;Fournisseurs d'exploitation - effets à payer;403C;B.3.2.4.;N;P.04;Bilan;3. Passifs;3.2. Passifs courants;3.2.4. Fournisseurs et comptes rattachés;F6002;F60020034;Fournisseurs d'exploitation - effets à payer
4;40;404;Fournisseurs d'immobilisations;404D;B.1.2.5.;N;A.12;Bilan;1. Actifs;1.2. Actifs courants;1.2.5. Autres actifs courants;F6002;F60010051;Fournisseurs debiteurs
4;40;404;Fournisseurs d'immobilisations;404C;B.3.2.4.;N;P.04;Bilan;3. Passifs;3.2. Passifs courants;3.2.4. Fournisseurs et comptes rattachés;F6002;F60020035;Fournisseurs d'immobilisations
4;40;405;Fournisseurs d'immobilisations - effets à payer;405D;B.1.2.5.;N;A.12;Bilan;1. Actifs;1.2. Actifs courants;1.2.5. Autres actifs courants;F6002;F60010051;Fournisseurs debiteurs
4;40;405;Fournisseurs d'immobilisations - effets à payer;405C;B.3.2.4.;N;P.04;Bilan;3. Passifs;3.2. Passifs courants;3.2.4. Fournisseurs et comptes rattachés;F6002;F60020036;Fournisseurs d'immobilisations - effets à payer
4;40;408;Fournisseurs - factures non parvenues;408D;B.1.2.5.;N;A.12;Bilan;1. Actifs;1.2. Actifs courants;1.2.5. Autres actifs courants;F6002;F60010051;Fournisseurs debiteurs
4;40;408;Fournisseurs - factures non parvenues;408C;B.3.2.4.;N;P.04;Bilan;3. Passifs;3.2. Passifs courants;3.2.4. Fournisseurs et comptes rattachés;F6002;F60020037;Fournisseurs - factures non parvenues
4;40;409;Fournisseurs débiteurs;409D;B.1.2.5.;N;A.12;Bilan;1. Actifs;1.2. Actifs courants;1.2.5. Autres actifs courants;F6001;F60010051;Fournisseurs debiteurs
4;40;409;Fournisseurs débiteurs;409C;B.3.2.4.;N;P.04;Bilan;3. Passifs;3.2. Passifs courants;3.2.4. Fournisseurs et comptes rattachés;F6002;F60010051;Fournisseurs debiteurs
4;41;411;Clients;411D;B.1.2.3.;G;A.10;Bilan;1. Actifs;1.2. Actifs courants;1.2.3. Clients et comptes rattachés;F6001;F60010045;Clients  et  comptes rattaches
4;41;411;Clients;411C;B.3.2.5.;G;P.05;Bilan;3. Passifs;3.2. Passifs courants;3.2.5. Autres passifs courants;F6002;F60020043;Débiteurs divers et Créditeurs divers
4;41;413;Clients - effets à recevoir;413D;B.1.2.3.;G;A.10;Bilan;1. Actifs;1.2. Actifs courants;1.2.3. Clients et comptes rattachés;F6001;F60010046;Clients - effets a recevoir
4;41;413;Clients - effets à recevoir;413C;B.3.2.5.;G;P.05;Bilan;3. Passifs;3.2. Passifs courants;3.2.5. Autres passifs courants;F6002;F60020043;Débiteurs divers et Créditeurs divers
4;41;416;Clients douteux ou litigieux;416D;B.1.2.3.;G;A.10;Bilan;1. Actifs;1.2. Actifs courants;1.2.3. Clients et comptes rattachés;F6001;F60010047;Clients douteux ou litigieux
4;41;416;Clients douteux ou litigieux;416C;B.3.2.5.;G;P.05;Bilan;3. Passifs;3.2. Passifs courants;3.2.5. Autres passifs courants;F6002;F60020043;Débiteurs divers et Créditeurs divers
4;41;417;Créances sur travaux non encore facturables;417D;B.1.2.3.;G;A.10;Bilan;1. Actifs;1.2. Actifs courants;1.2.3. Clients et comptes rattachés;F6001;F60010048;Creances/travaux non encore facturables
4;41;417;Créances sur travaux non encore facturables;417C;B.3.2.5.;G;P.05;Bilan;3. Passifs;3.2. Passifs courants;3.2.5. Autres passifs courants;F6002;F60020043;Débiteurs divers et Créditeurs divers
4;41;418;Clients - produits non encore facturés (produits à recevoir);418D;B.1.2.3.;G;A.10;Bilan;1. Actifs;1.2. Actifs courants;1.2.3. Clients et comptes rattachés;F6001;F60010049;Clt-pdts non encore factures (pdt a recev.)
4;41;418;Clients - produits non encore facturés (produits à recevoir);418C;B.3.2.5.;G;P.05;Bilan;3. Passifs;3.2. Passifs courants;3.2.5. Autres passifs courants;F6002;F60020043;Débiteurs divers et Créditeurs divers
4;41;419;Clients créditeurs;419D;B.1.2.3.;G;A.10;Bilan;1. Actifs;1.2. Actifs courants;1.2.3. Clients et comptes rattachés;F6002;F60020039;Clients créditeurs
4;41;419;Clients créditeurs;419C;B.3.2.5.;G;P.05;Bilan;3. Passifs;3.2. Passifs courants;3.2.5. Autres passifs courants;F6002;F60020039;Clients créditeurs
4;42;421;Personnel - avances et acomptes;421D;B.1.2.5.;H;A.12;Bilan;1. Actifs;1.2. Actifs courants;1.2.5. Autres actifs courants;F6001;F60010052;Personnel et comptes rattaches
4;42;421;Personnel - avances et acomptes;421C;B.3.2.5.;H;P.05;Bilan;3. Passifs;3.2. Passifs courants;3.2.5. Autres passifs courants;F6002;F60020040;Personnel & Comptes rattachés
4;42;422;Comités d'entreprises et autres organes représentatifs du personnel;422D;B.1.2.5.;H;A.12;Bilan;1. Actifs;1.2. Actifs courants;1.2.5. Autres actifs courants;F6001;F60010052;Personnel et comptes rattaches
4;42;422;Comités d'entreprises et autres organes représentatifs du personnel;422C;B.3.2.5.;H;P.05;Bilan;3. Passifs;3.2. Passifs courants;3.2.5. Autres passifs courants;F6002;F60020040;Personnel & Comptes rattachés
4;42;423;Personnel, œuvres sociales;423D;B.1.2.5.;H;A.12;Bilan;1. Actifs;1.2. Actifs courants;1.2.5. Autres actifs courants;F6001;F60010052;Personnel et comptes rattaches
4;42;423;Personnel, œuvres sociales;423C;B.3.2.5.;H;P.05;Bilan;3. Passifs;3.2. Passifs courants;3.2.5. Autres passifs courants;F6002;F60020040;Personnel & Comptes rattachés
4;42;425;Personnel - rémunérations dues;425D;B.1.2.5.;H;A.12;Bilan;1. Actifs;1.2. Actifs courants;1.2.5. Autres actifs courants;F6001;F60010052;Personnel et comptes rattaches
4;42;425;Personnel - rémunérations dues;425C;B.3.2.5.;H;P.05;Bilan;3. Passifs;3.2. Passifs courants;3.2.5. Autres passifs courants;F6002;F60020040;Personnel & Comptes rattachés
4;42;426;Personnel - dépôts;426D;B.1.2.5.;H;A.12;Bilan;1. Actifs;1.2. Actifs courants;1.2.5. Autres actifs courants;F6001;F60010052;Personnel et comptes rattaches
4;42;426;Personnel - dépôts;426C;B.3.2.5.;H;P.05;Bilan;3. Passifs;3.2. Passifs courants;3.2.5. Autres passifs courants;F6002;F60020040;Personnel & Comptes rattachés
4;42;427;Personnel - oppositions;427D;B.1.2.5.;H;A.12;Bilan;1. Actifs;1.2. Actifs courants;1.2.5. Autres actifs courants;F6001;F60010052;Personnel et comptes rattaches
4;42;427;Personnel - oppositions;427C;B.3.2.5.;H;P.05;Bilan;3. Passifs;3.2. Passifs courants;3.2.5. Autres passifs courants;F6002;F60020040;Personnel & Comptes rattachés
4;42;428;Personnel - charges à payer & produits à recevoir;428D;B.1.2.5.;H;A.12;Bilan;1. Actifs;1.2. Actifs courants;1.2.5. Autres actifs courants;F6001;F60010052;Personnel et comptes rattaches
4;42;428;Personnel - charges à payer & produits à recevoir;428C;B.3.2.5.;H;P.05;Bilan;3. Passifs;3.2. Passifs courants;3.2.5. Autres passifs courants;F6002;F60020040;Personnel & Comptes rattachés
4;43;430;ECHEANCIE REC FIN;430C;B.3.2.5.;I;P.05;Bilan;3. Passifs;3.2. Passifs courants;3.2.5. Autres passifs courants;F6002;F60020048;Emprunts et autres dettes financiéres courants
4;43;431;Etat - subventions à recevoir;431D;B.1.2.5.;I;A.12;Bilan;1. Actifs;1.2. Actifs courants;1.2.5. Autres actifs courants;F6001;F60010053;etat et collectivites publiques
4;43;431;Etat - subventions à recevoir;431C;B.3.2.5.;I;P.05;Bilan;3. Passifs;3.2. Passifs courants;3.2.5. Autres passifs courants;F6002;F60020041;Etat et collectivités publiques
4;43;432;Etat, impôts et taxes retenus à la source;432D;B.1.2.5.;I;A.12;Bilan;1. Actifs;1.2. Actifs courants;1.2.5. Autres actifs courants;F6001;F60010053;etat et collectivites publiques
4;43;432;Etat, impôts et taxes retenus à la source;432C;B.3.2.5.;I;P.05;Bilan;3. Passifs;3.2. Passifs courants;3.2.5. Autres passifs courants;F6002;F60020041;Etat et collectivités publiques
4;43;433;Opérations particulières avec l'Etat, les collectivités publiques, les organismes internationaux;433D;B.1.2.5.;I;A.12;Bilan;1. Actifs;1.2. Actifs courants;1.2.5. Autres actifs courants;F6001;F60010053;etat et collectivites publiques
4;43;433;Opérations particulières avec l'Etat, les collectivités publiques, les organismes internationaux;433C;B.3.2.5.;I;P.05;Bilan;3. Passifs;3.2. Passifs courants;3.2.5. Autres passifs courants;F6002;F60020041;Etat et collectivités publiques
4;43;434;Etat - impôts sur les bénéfices;434D;B.1.2.5.;I;A.12;Bilan;1. Actifs;1.2. Actifs courants;1.2.5. Autres actifs courants;F6001;F60010053;etat et collectivites publiques
4;43;434;Etat - impôts sur les bénéfices;434C;B.3.2.5.;I;P.05;Bilan;3. Passifs;3.2. Passifs courants;3.2.5. Autres passifs courants;F6002;F60020041;Etat et collectivités publiques
4;43;435;Obligations cautionnées;435D;B.1.2.5.;I;A.12;Bilan;1. Actifs;1.2. Actifs courants;1.2.5. Autres actifs courants;F6001;F60010053;etat et collectivites publiques
4;43;435;Obligations cautionnées;435C;B.3.2.5.;I;P.05;Bilan;3. Passifs;3.2. Passifs courants;3.2.5. Autres passifs courants;F6002;F60020041;Etat et collectivités publiques
4;43;436;Etat - taxes sur le chiffre d'affaires;436D;B.1.2.5.;I;A.12;Bilan;1. Actifs;1.2. Actifs courants;1.2.5. Autres actifs courants;F6001;F60010053;etat et collectivites publiques
4;43;436;Etat - taxes sur le chiffre d'affaires;436C;B.3.2.5.;I;P.05;Bilan;3. Passifs;3.2. Passifs courants;3.2.5. Autres passifs courants;F6002;F60020041;Etat et collectivités publiques
4;43;437;Autres impôts, taxes et versements assimilés;437D;B.1.2.5.;I;A.12;Bilan;1. Actifs;1.2. Actifs courants;1.2.5. Autres actifs courants;F6001;F60010053;etat et collectivites publiques
4;43;437;Autres impôts, taxes et versements assimilés;437C;B.3.2.5.;I;P.05;Bilan;3. Passifs;3.2. Passifs courants;3.2.5. Autres passifs courants;F6002;F60020041;Etat et collectivités publiques
4;43;438;Etat - charges à payer et produits à recevoir;438D;B.1.2.5.;I;A.12;Bilan;1. Actifs;1.2. Actifs courants;1.2.5. Autres actifs courants;F6001;F60010053;etat et collectivites publiques
4;43;438;Etat - charges à payer et produits à recevoir;438C;B.3.2.5.;I;P.05;Bilan;3. Passifs;3.2. Passifs courants;3.2.5. Autres passifs courants;F6002;F60020041;Etat et collectivités publiques
4;43;439;RECEVEUR DE FINANCE;439C;B.3.2.5.;I;P.05;Bilan;3. Passifs;3.2. Passifs courants;3.2.5. Autres passifs courants;F6002;F60020041;Etat et collectivités publiques
4;44;441;Groupe;441D;B.1.2.5.;O;A.12;Bilan;1. Actifs;1.2. Actifs courants;1.2.5. Autres actifs courants;F6001;F60010054;Societes du groupe  et  associes
4;44;441;Groupe;441C;B.3.2.5.;O;P.05;Bilan;3. Passifs;3.2. Passifs courants;3.2.5. Autres passifs courants;F6002;F60020042;Sociétés du groupe  et  associés
4;44;442;Associés - comptes courants;442D;B.1.2.5.;O;A.12;Bilan;1. Actifs;1.2. Actifs courants;1.2.5. Autres actifs courants;F6001;F60010054;Societes du groupe  et  associes
4;44;442;Associés - comptes courants;442C;B.3.2.5.;O;P.05;Bilan;3. Passifs;3.2. Passifs courants;3.2.5. Autres passifs courants;F6002;F60020042;Sociétés du groupe  et  associés
4;44;446;Associés - opérations sur le capital;446D;B.1.2.5.;O;A.12;Bilan;1. Actifs;1.2. Actifs courants;1.2.5. Autres actifs courants;F6002;F60020043;Débiteurs divers et Créditeurs divers
4;44;446;Associés - opérations sur le capital;446C;B.3.2.5.;O;P.05;Bilan;3. Passifs;3.2. Passifs courants;3.2.5. Autres passifs courants;F6002;F60020043;Débiteurs divers et Créditeurs divers
4;44;447;Associés - dividendes à payer;447D;B.1.2.5.;O;A.12;Bilan;1. Actifs;1.2. Actifs courants;1.2.5. Autres actifs courants;F6002;F60020043;Débiteurs divers et Créditeurs divers
4;44;447;Associés - dividendes à payer;447C;B.3.2.5.;O;P.05;Bilan;3. Passifs;3.2. Passifs courants;3.2.5. Autres passifs courants;F6002;F60020043;Débiteurs divers et Créditeurs divers
4;44;448;Associés - opérations faites en commun;448D;B.1.2.5.;O;A.12;Bilan;1. Actifs;1.2. Actifs courants;1.2.5. Autres actifs courants;F6002;F60020043;Débiteurs divers et Créditeurs divers
4;44;448;Associés - opérations faites en commun;448C;B.3.2.5.;O;P.05;Bilan;3. Passifs;3.2. Passifs courants;3.2.5. Autres passifs courants;F6002;F60020043;Débiteurs divers et Créditeurs divers
4;45;451;KARAMA;451C;B.3.2.5.;H;P.05;Bilan;3. Passifs;3.2. Passifs courants;3.2.5. Autres passifs courants;F6002;F60020043;Débiteurs divers et Créditeurs divers
4;45;452;Créances sur cessions d'immobilisations;452D;B.1.2.5.;P;A.12;Bilan;1. Actifs;1.2. Actifs courants;1.2.5. Autres actifs courants;F6001;F60010055;Debiteurs divers et Crediteurs divers
4;45;452;Créances sur cessions d'immobilisations;452C;B.3.2.5.;P;P.05;Bilan;3. Passifs;3.2. Passifs courants;3.2.5. Autres passifs courants;F6002;F60020043;Débiteurs divers et Créditeurs divers
4;45;453;Sécurité sociale et autres organismes sociaux;453D;B.1.2.5.;H;A.12;Bilan;1. Actifs;1.2. Actifs courants;1.2.5. Autres actifs courants;F6002;F60020040;Personnel & Comptes rattachés
4;45;453;Sécurité sociale et autres organismes sociaux;453C;B.3.2.5.;H;P.05;Bilan;3. Passifs;3.2. Passifs courants;3.2.5. Autres passifs courants;F6002;F60020040;Personnel & Comptes rattachés
4;45;454;Dettes sur acquisitions de valeurs mobilières de placement;454D;B.1.2.5.;P;A.12;Bilan;1. Actifs;1.2. Actifs courants;1.2.5. Autres actifs courants;F6002;F60020048;Emprunts et autres dettes financiéres courants
4;45;454;Dettes sur acquisitions de valeurs mobilières de placement;454C;B.3.2.5.;P;P.05;Bilan;3. Passifs;3.2. Passifs courants;3.2.5. Autres passifs courants;F6002;F60020048;Emprunts et autres dettes financiéres courants
4;45;455;Créances sur cessions de valeurs mobilières de placement;455D;B.1.2.5.;P;A.12;Bilan;1. Actifs;1.2. Actifs courants;1.2.5. Autres actifs courants;F6001;F60010055;Debiteurs divers et Crediteurs divers
4;45;455;Créances sur cessions de valeurs mobilières de placement;455C;B.3.2.5.;P;P.05;Bilan;3. Passifs;3.2. Passifs courants;3.2.5. Autres passifs courants;F6002;F60020043;Débiteurs divers et Créditeurs divers
4;45;456;ASSOCIÉS - OPÉRATIONS /CAPITAL;456D;B.1.2.5.;O;A.12;Bilan;1. Actifs;1.2. Actifs courants;1.2.5. Autres actifs courants;F6002;F60020043;Débiteurs divers et Créditeurs divers
4;45;456;ASSOCIÉS - OPÉRATIONS /CAPITAL;456C;B.3.2.5.;O;P.05;Bilan;3. Passifs;3.2. Passifs courants;3.2.5. Autres passifs courants;F6002;F60020043;Débiteurs divers et Créditeurs divers
4;45;457;Autres comptes débiteurs ou créditeurs;457D;B.1.2.5.;P;A.12;Bilan;1. Actifs;1.2. Actifs courants;1.2.5. Autres actifs courants;F6001;F60010055;Debiteurs divers et Crediteurs divers
4;45;457;Autres comptes débiteurs ou créditeurs;457C;B.3.2.5.;P;P.05;Bilan;3. Passifs;3.2. Passifs courants;3.2.5. Autres passifs courants;F6002;F60020043;Débiteurs divers et Créditeurs divers
4;45;458;Diverses charges à payer et produits à recevoir;458D;B.1.2.5.;P;A.12;Bilan;1. Actifs;1.2. Actifs courants;1.2.5. Autres actifs courants;F6001;F60010057;Comptes de regularisation
4;45;458;Diverses charges à payer et produits à recevoir;458C;B.3.2.5.;P;P.05;Bilan;3. Passifs;3.2. Passifs courants;3.2.5. Autres passifs courants;F6002;F60020045;Comptes de régularisation
4;46;461;Compte d'attente;461D;B.1.2.5.;P;A.12;Bilan;1. Actifs;1.2. Actifs courants;1.2.5. Autres actifs courants;F6001;F60010056;Comptes transitoires ou d'attente
4;46;461;Compte d'attente;461C;B.3.2.5.;P;P.05;Bilan;3. Passifs;3.2. Passifs courants;3.2.5. Autres passifs courants;F6002;F60020044;Comptes transitoires ou d'attente
4;46;465;Différence de conversion sur éléments courants;465D;B.1.2.5.;P;A.12;Bilan;1. Actifs;1.2. Actifs courants;1.2.5. Autres actifs courants;F6001;F60010035;ecarts de conversion
4;46;465;Différence de conversion sur éléments courants;465C;B.3.2.5.;P;P.05;Bilan;3. Passifs;3.2. Passifs courants;3.2.5. Autres passifs courants;F6002;F60020045;Comptes de régularisation
4;46;468;Autres comptes transitoires;468D;B.1.2.5.;P;A.12;Bilan;1. Actifs;1.2. Actifs courants;1.2.5. Autres actifs courants;F6001;F60010056;Comptes transitoires ou d'attente
4;46;468;Autres comptes transitoires;468C;B.3.2.5.;P;P.05;Bilan;3. Passifs;3.2. Passifs courants;3.2.5. Autres passifs courants;F6002;F60020045;Comptes de régularisation
4;47;471;Charges constatées d'avance;471D;B.1.2.5.;P;A.12;Bilan;1. Actifs;1.2. Actifs courants;1.2.5. Autres actifs courants;F6001;F60010057;Comptes de regularisation
4;47;471;Charges constatées d'avance;471C;B.3.2.5.;P;P.05;Bilan;3. Passifs;3.2. Passifs courants;3.2.5. Autres passifs courants;F6002;F60020045;Comptes de régularisation
4;47;472;Produits constatés d'avance;472D;B.1.2.5.;P;A.12;Bilan;1. Actifs;1.2. Actifs courants;1.2.5. Autres actifs courants;F6001;F60010057;Comptes de regularisation
4;47;472;Produits constatés d'avance;472C;B.3.2.5.;P;P.05;Bilan;3. Passifs;3.2. Passifs courants;3.2.5. Autres passifs courants;F6002;F60020045;Comptes de régularisation
4;47;478;Comptes de répartition périodique de charges et produits;478D;B.1.2.5.;P;A.12;Bilan;1. Actifs;1.2. Actifs courants;1.2.5. Autres actifs courants;F6001;F60010057;Comptes de regularisation
4;47;478;Comptes de répartition périodique de charges et produits;478C;B.3.2.5.;P;P.05;Bilan;3. Passifs;3.2. Passifs courants;3.2.5. Autres passifs courants;F6002;F60020045;Comptes de régularisation
4;48;480;Provisions courantes pour risques et charges;495C;B.1.2.5.;P;A.12;Bilan;1. Actifs;1.2. Actifs courants;1.2.5. Autres actifs courants;F6002;F60020046;Provisions courantes pour risques et charges
4;49;491;Provisions pour dépréciation des comptes clients;491D;B.1.2.4.;G;A.11;Bilan;1. Actifs;1.2. Actifs courants;1.2.4. Moins : provisions;F6001;F60010058;Prov. / deprec. comptes debiteurs divers
4;49;491;Provisions pour dépréciation des comptes clients;491C;B.1.2.4.;G;A.11;Bilan;1. Actifs;1.2. Actifs courants;1.2.4. Moins : provisions;F6001;F60010058;Prov. / deprec. comptes debiteurs divers
4;49;494;Provisions pour dépréciation des comptes de groupe et associés;494D;B.1.2.5.;O;A.12;Bilan;1. Actifs;1.2. Actifs courants;1.2.5. Autres actifs courants;F6001;F60010058;Prov. / deprec. comptes debiteurs divers
4;49;494;Provisions pour dépréciation des comptes de groupe et associés;494C;B.1.2.5.;O;A.12;Bilan;1. Actifs;1.2. Actifs courants;1.2.5. Autres actifs courants;F6001;F60010058;Prov. / deprec. comptes debiteurs divers
4;49;495;Provisions pour dépréciation des comptes de débiteurs divers;495D;B.1.2.5.;P;A.12;Bilan;1. Actifs;1.2. Actifs courants;1.2.5. Autres actifs courants;F6001;F60010058;Prov. / deprec. comptes debiteurs divers
4;49;495;Provisions pour dépréciation des comptes de débiteurs divers;495C;B.1.2.5.;P;A.12;Bilan;1. Actifs;1.2. Actifs courants;1.2.5. Autres actifs courants;F6002;F60020046;Provisions courantes pour risques et charges
5;50;501;Emprunts courants liés au cycle d'exploitation;501C;B.3.2.6.;M;P.06;Bilan;3. Passifs;3.2. Passifs courants;3.2.6. Concours bancaires et autres passifs financiers;F6002;F60020048;Emprunts et autres dettes financiéres courants
5;50;505;Échéances à moins d'un an sur emprunts non courants;505C;B.3.2.6.;M;P.06;Bilan;3. Passifs;3.2. Passifs courants;3.2.6. Concours bancaires et autres passifs financiers;F6002;F60020048;Emprunts et autres dettes financiéres courants
5;50;506;Concours bancaires courants;506C;B.3.2.6.;M;P.06;Bilan;3. Passifs;3.2. Passifs courants;3.2.6. Concours bancaires et autres passifs financiers;F6002;F60020048;Emprunts et autres dettes financiéres courants
5;50;507;Emprunts échus et impayés;507C;B.3.2.6.;M;P.06;Bilan;3. Passifs;3.2. Passifs courants;3.2.6. Concours bancaires et autres passifs financiers;F6002;F60020049;Emprunts échus et impayés
5;50;508;Intérêts courus (à subdiviser selon la même ventilation que le compte 50);508C;B.3.2.6.;M;P.06;Bilan;3. Passifs;3.2. Passifs courants;3.2.6. Concours bancaires et autres passifs financiers;F6002;F60020050;Intéréts courus
5;51;511;Prêts courants liés au cycle d'exploitation;511D;B.1.2.6.;J;A.13;Bilan;1. Actifs;1.2. Actifs courants;1.2.6. Placements et autres actifs financiers;F6001;F60010060;Prets et autres creances Fin. courants
5;51;511;Prêts courants liés au cycle d'exploitation;511C;B.3.2.6.;J;P.06;Bilan;3. Passifs;3.2. Passifs courants;3.2.6. Concours bancaires et autres passifs financiers;F6002;F60020048;Emprunts et autres dettes financiéres courants
5;51;516;Échéances à moins d'un an sur prêts non courants;516D;B.1.2.6.;M;A.13;Bilan;1. Actifs;1.2. Actifs courants;1.2.6. Placements et autres actifs financiers;F6001;F60010060;Prets et autres creances Fin. courants
5;51;516;Échéances à moins d'un an sur prêts non courants;516C;B.3.2.6.;M;P.06;Bilan;3. Passifs;3.2. Passifs courants;3.2.6. Concours bancaires et autres passifs financiers;F6002;F60020048;Emprunts et autres dettes financiéres courants
5;51;517;Échéances à moins d'un an sur autres créances financières;517D;B.1.2.6.;M;A.13;Bilan;1. Actifs;1.2. Actifs courants;1.2.6. Placements et autres actifs financiers;F6001;F60010060;Prets et autres creances Fin. courants
5;51;517;Échéances à moins d'un an sur autres créances financières;517C;B.3.2.6.;M;P.06;Bilan;3. Passifs;3.2. Passifs courants;3.2.6. Concours bancaires et autres passifs financiers;F6002;F60020048;Emprunts et autres dettes financiéres courants
5;51;518;Intérêts courus;518D;B.1.2.6.;M;A.13;Bilan;1. Actifs;1.2. Actifs courants;1.2.6. Placements et autres actifs financiers;F6002;F60020050;Intéréts courus
5;51;518;Intérêts courus;518C;B.3.2.6.;M;P.06;Bilan;3. Passifs;3.2. Passifs courants;3.2.6. Concours bancaires et autres passifs financiers;F6002;F60020048;Emprunts et autres dettes financiéres courants
5;52;523;Actions;523D;B.1.2.6.;J;A.13;Bilan;1. Actifs;1.2. Actifs courants;1.2.6. Placements et autres actifs financiers;F6001;F60010061;Placements courants
5;52;523;Actions;523C;B.3.2.6.;J;P.06;Bilan;3. Passifs;3.2. Passifs courants;3.2.6. Concours bancaires et autres passifs financiers;F6002;F60020048;Emprunts et autres dettes financiéres courants
5;52;524;Autres titres conférant un droit de propriété;524D;B.1.2.6.;J;A.13;Bilan;1. Actifs;1.2. Actifs courants;1.2.6. Placements et autres actifs financiers;F6001;F60010061;Placements courants
5;52;524;Autres titres conférant un droit de propriété;524C;B.3.2.6.;J;P.06;Bilan;3. Passifs;3.2. Passifs courants;3.2.6. Concours bancaires et autres passifs financiers;F6002;F60020048;Emprunts et autres dettes financiéres courants
5;52;525;Obligations et bons émis par la société et rachetés par elle;525D;B.1.2.6.;J;A.13;Bilan;1. Actifs;1.2. Actifs courants;1.2.6. Placements et autres actifs financiers;F6001;F60010061;Placements courants
5;52;525;Obligations et bons émis par la société et rachetés par elle;525C;B.3.2.6.;J;P.06;Bilan;3. Passifs;3.2. Passifs courants;3.2.6. Concours bancaires et autres passifs financiers;F6002;F60020048;Emprunts et autres dettes financiéres courants
5;52;526;Obligations;526D;B.1.2.6.;J;A.13;Bilan;1. Actifs;1.2. Actifs courants;1.2.6. Placements et autres actifs financiers;F6001;F60010061;Placements courants
5;52;526;Obligations;526C;B.3.2.6.;J;P.06;Bilan;3. Passifs;3.2. Passifs courants;3.2.6. Concours bancaires et autres passifs financiers;F6002;F60020048;Emprunts et autres dettes financiéres courants
5;52;527;Bons du trésor et bons de caisse à court terme;527D;B.1.2.6.;J;A.13;Bilan;1. Actifs;1.2. Actifs courants;1.2.6. Placements et autres actifs financiers;F6001;F60010061;Placements courants
5;52;527;Bons du trésor et bons de caisse à court terme;527C;B.3.2.6.;J;P.06;Bilan;3. Passifs;3.2. Passifs courants;3.2.6. Concours bancaires et autres passifs financiers;F6002;F60020048;Emprunts et autres dettes financiéres courants
5;52;528;Autres placements courants et créances assimilées;528D;B.1.2.6.;J;A.13;Bilan;1. Actifs;1.2. Actifs courants;1.2.6. Placements et autres actifs financiers;F6001;F60010061;Placements courants
5;52;528;Autres placements courants et créances assimilées;528C;B.3.2.6.;J;P.06;Bilan;3. Passifs;3.2. Passifs courants;3.2.6. Concours bancaires et autres passifs financiers;F6002;F60020048;Emprunts et autres dettes financiéres courants
5;52;529;Versements restant à effectuer sur valeurs mobilières de placement non libérées;529D;B.1.2.6.;J;A.13;Bilan;1. Actifs;1.2. Actifs courants;1.2.6. Placements et autres actifs financiers;F6001;F60010061;Placements courants
5;52;529;Versements restant à effectuer sur valeurs mobilières de placement non libérées;529C;B.3.2.6.;J;P.06;Bilan;3. Passifs;3.2. Passifs courants;3.2.6. Concours bancaires et autres passifs financiers;F6002;F60020048;Emprunts et autres dettes financiéres courants
5;53;530;CHQS EMIS EN CIRCULATION;530C;B.3.2.6.;J;P.06;Bilan;3. Passifs;3.2. Passifs courants;3.2.6. Concours bancaires et autres passifs financiers;F6002;F60020051;Banques, établissements financiers et assimilés
5;53;531;Valeurs à l'encaissement;531D;B.1.2.7.;J;A.14;Bilan;1. Actifs;1.2. Actifs courants;1.2.7. Liquidités et équivalents de liquidités;F6001;F60010062;Regies d'avances et accreditifs
5;53;531;Valeurs à l'encaissement;531C;B.3.2.6.;J;P.06;Bilan;3. Passifs;3.2. Passifs courants;3.2.6. Concours bancaires et autres passifs financiers;F6002;F60020051;Banques, établissements financiers et assimilés
5;53;532;Banques;532D;B.1.2.7.;J;A.14;Bilan;1. Actifs;1.2. Actifs courants;1.2.7. Liquidités et équivalents de liquidités;F6001;F60010065;Banques, etabl. Financiers et assimiles
5;53;532;Banques;532C;B.3.2.6.;J;P.06;Bilan;3. Passifs;3.2. Passifs courants;3.2.6. Concours bancaires et autres passifs financiers;F6002;F60020051;Banques, établissements financiers et assimilés
5;53;534;C.C.P.;534D;B.1.2.7.;J;A.14;Bilan;1. Actifs;1.2. Actifs courants;1.2.7. Liquidités et équivalents de liquidités;F6001;F60010065;Banques, etabl. Financiers et assimiles
5;53;534;C.C.P.;534C;B.3.2.6.;J;P.06;Bilan;3. Passifs;3.2. Passifs courants;3.2.6. Concours bancaires et autres passifs financiers;F6002;F60020051;Banques, établissements financiers et assimilés
5;53;535;Comptes au trésor;535D;B.1.2.7.;J;A.14;Bilan;1. Actifs;1.2. Actifs courants;1.2.7. Liquidités et équivalents de liquidités;F6001;F60010065;Banques, etabl. Financiers et assimiles
5;53;535;Comptes au trésor;535C;B.3.2.6.;J;P.06;Bilan;3. Passifs;3.2. Passifs courants;3.2.6. Concours bancaires et autres passifs financiers;F6002;F60020051;Banques, établissements financiers et assimilés
5;53;537;Autres organismes financiers;537D;B.1.2.7.;J;A.14;Bilan;1. Actifs;1.2. Actifs courants;1.2.7. Liquidités et équivalents de liquidités;F6001;F60010065;Banques, etabl. Financiers et assimiles
5;53;537;Autres organismes financiers;537C;B.3.2.6.;J;P.06;Bilan;3. Passifs;3.2. Passifs courants;3.2.6. Concours bancaires et autres passifs financiers;F6002;F60020051;Banques, établissements financiers et assimilés
5;54;540;CAISSE PRINCIPALE;540D;B.1.2.7.;J;A.14;Bilan;1. Actifs;1.2. Actifs courants;1.2.7. Liquidités et équivalents de liquidités;F6001;F60010066;Caisse
5;54;541;Caisse siège social;541D;B.1.2.7.;J;A.14;Bilan;1. Actifs;1.2. Actifs courants;1.2.7. Liquidités et équivalents de liquidités;F6001;F60010066;Caisse
5;54;542;Caisses succursales;542D;B.1.2.7.;J;A.14;Bilan;1. Actifs;1.2. Actifs courants;1.2.7. Liquidités et équivalents de liquidités;F6001;F60010066;Caisse
5;54;542;Caisses succursales;542C;B.3.2.6.;J;P.06;Bilan;3. Passifs;3.2. Passifs courants;3.2.6. Concours bancaires et autres passifs financiers;F6002;F60020051;Banques, établissements financiers et assimilés
5;58;580;Virements internes;580D;B.1.2.7.;J;A.14;Bilan;1. Actifs;1.2. Actifs courants;1.2.7. Liquidités et équivalents de liquidités;F6001;F60010065;Banques, etabl. Financiers et assimiles
5;58;580;Virements internes;580C;B.3.2.6.;J;P.06;Bilan;3. Passifs;3.2. Passifs courants;3.2.6. Concours bancaires et autres passifs financiers;F6002;F60020051;Banques, établissements financiers et assimilés
5;59;591;Provisions pour dépréciation des comptes financiers;591D;B.1.2.7.;J;A.14;Bilan;1. Actifs;1.2. Actifs courants;1.2.7. Liquidités et équivalents de liquidités;F6001;F60010063;Prov. / deprec. des comptes financiers
5;59;591;Provisions pour dépréciation des comptes financiers;591C;B.1.2.7.;J;A.14;Bilan;1. Actifs;1.2. Actifs courants;1.2.7. Liquidités et équivalents de liquidités;F6001;F60010063;Prov. / deprec. des comptes financiers
5;59;592;Provisions pour dépréciation des comptes financiers;592D;B.1.2.7.;J;A.14;Bilan;1. Actifs;1.2. Actifs courants;1.2.7. Liquidités et équivalents de liquidités;F6001;F60010063;Prov. / deprec. des comptes financiers
5;59;592;Provisions pour dépréciation des comptes financiers;592C;B.1.2.7.;J;A.14;Bilan;1. Actifs;1.2. Actifs courants;1.2.7. Liquidités et équivalents de liquidités;F6001;F60010063;Prov. / deprec. des comptes financiers
6;60;601;Achats stockés - Matières premières et fournitures liées;601D;R.1.2.2.;N;R.05;Résultat;1. Résultat d'exploitation;1.2. Charges d'exploitation;1.2.2. Achats de marchandises consommés;F6003;F60030030;Achats stockés-Mat.Premiéres et Fournit. liées
6;60;601;Achats stockés - Matières premières et fournitures liées;601C;R.1.2.2.;N;R.05;Résultat;1. Résultat d'exploitation;1.2. Charges d'exploitation;1.2.2. Achats de marchandises consommés;F6003;F60030030;Achats stockés-Mat.Premiéres et Fournit. liées
6;60;602;Achats stockés - Autres approvisionnements;602D;R.1.2.2.;N;R.05;Résultat;1. Résultat d'exploitation;1.2. Charges d'exploitation;1.2.2. Achats de marchandises consommés;F6003;F60030031;Achats stockés - Autres approvisionnements
6;60;602;Achats stockés - Autres approvisionnements;602C;R.1.2.2.;N;R.05;Résultat;1. Résultat d'exploitation;1.2. Charges d'exploitation;1.2.2. Achats de marchandises consommés;F6003;F60030031;Achats stockés - Autres approvisionnements
6;60;603;Variation des stocks de matières premières et fournitures;603D;R.1.2.2.;N;R.05;Résultat;1. Résultat d'exploitation;1.2. Charges d'exploitation;1.2.2. Achats de marchandises consommés;F6003;F60030034;Var.de stocks Mat.Premiéres et Fournitures
6;60;603;Variation des stocks de matières premières et fournitures;603C;R.1.2.2.;N;R.05;Résultat;1. Résultat d'exploitation;1.2. Charges d'exploitation;1.2.2. Achats de marchandises consommés;F6003;F60030034;Var.de stocks Mat.Premiéres et Fournitures
6;60;604;Achats d’études et de prestations de services (y compris achat de sous-traitance de production);604D;R.1.2.2.;N;R.05;Résultat;1. Résultat d'exploitation;1.2. Charges d'exploitation;1.2.2. Achats de marchandises consommés;F6003;F60030054;Achats déétudes et prestations services (y compris achat de sous-traitance production)
6;60;604;Achats d’études et de prestations de services (y compris achat de sous-traitance de production);604C;R.1.2.2.;N;R.05;Résultat;1. Résultat d'exploitation;1.2. Charges d'exploitation;1.2.2. Achats de marchandises consommés;F6003;F60030054;Achats déétudes et prestations services (y compris achat de sous-traitance production)
6;60;605;Achats de matériel, équipements et travaux;605D;R.1.2.3.;N;R.06;Résultat;1. Résultat d'exploitation;1.2. Charges d'exploitation;1.2.3. Achats d'approvisionnements consommés;F6003;F60030055;Achats de matériel, équipements et travaux
6;60;605;Achats de matériel, équipements et travaux;605C;R.1.2.3.;N;R.06;Résultat;1. Résultat d'exploitation;1.2. Charges d'exploitation;1.2.3. Achats d'approvisionnements consommés;F6003;F60030055;Achats de matériel, équipements et travaux
6;60;606;Achats non stockés de matières et fournitures;606D;R.1.2.3.;N;R.06;Résultat;1. Résultat d'exploitation;1.2. Charges d'exploitation;1.2.3. Achats d'approvisionnements consommés;F6003;F60030056;Achats non stockés non rattachés
6;60;606;Achats non stockés de matières et fournitures;606C;R.1.2.3.;N;R.06;Résultat;1. Résultat d'exploitation;1.2. Charges d'exploitation;1.2.3. Achats d'approvisionnements consommés;F6003;F60030056;Achats non stockés non rattachés
6;60;607;Achats de marchandises;607D;R.1.2.2.;N;R.05;Résultat;1. Résultat d'exploitation;1.2. Charges d'exploitation;1.2.2. Achats de marchandises consommés;F6003;F60030026;Achats de marchandises
6;60;607;Achats de marchandises;607C;R.1.2.2.;N;R.05;Résultat;1. Résultat d'exploitation;1.2. Charges d'exploitation;1.2.2. Achats de marchandises consommés;F6003;F60030026;Achats de marchandises
6;60;608;Achats liés à une modification comptable à prendre en compte dans le résultat de l'exercice ou à une activité abandonnée;608D;R.1.2.2.;N;R.05;Résultat;1. Résultat d'exploitation;1.2. Charges d'exploitation;1.2.2. Achats de marchandises consommés;F6003;F60030059;Charges diverses ordinaires
6;60;608;Achats liés à une modification comptable à prendre en compte dans le résultat de l'exercice ou à une activité abandonnée;608C;R.1.2.2.;N;R.05;Résultat;1. Résultat d'exploitation;1.2. Charges d'exploitation;1.2.2. Achats de marchandises consommés;F6003;F60030059;Charges diverses ordinaires
6;60;609;Rabais, remises et ristournes obtenus sur achats;609D;R.1.2.2.;N;R.05;Résultat;1. Résultat d'exploitation;1.2. Charges d'exploitation;1.2.2. Achats de marchandises consommés;F6003;F60030027;Rabais, Remises et Ristournes (3R) obtenus sur achats marchandises
6;60;609;Rabais, remises et ristournes obtenus sur achats;609C;R.1.2.2.;N;R.05;Résultat;1. Résultat d'exploitation;1.2. Charges d'exploitation;1.2.2. Achats de marchandises consommés;F6003;F60030027;Rabais, Remises et Ristournes (3R) obtenus sur achats marchandises
6;61;610;SERVICES EXTERIEURS AUTRES;610D;R.1.2.6.;N;R.09;Résultat;1. Résultat d'exploitation;1.2. Charges d'exploitation;1.2.6. Autres charges d'exploitation;F6003;F60030058;Autres services extérieurs
6;61;610;SERVICES EXTERIEURS AUTRES;610C;R.1.2.6.;N;R.09;Résultat;1. Résultat d'exploitation;1.2. Charges d'exploitation;1.2.6. Autres charges d'exploitation;F6003;F60030058;Autres services extérieurs
6;61;611;Sous-traitance générale;611D;R.1.2.6.;N;R.09;Résultat;1. Résultat d'exploitation;1.2. Charges d'exploitation;1.2.6. Autres charges d'exploitation;F6003;F60030057;Services extérieurs
6;61;611;Sous-traitance générale;611C;R.1.2.6.;N;R.09;Résultat;1. Résultat d'exploitation;1.2. Charges d'exploitation;1.2.6. Autres charges d'exploitation;F6003;F60030057;Services extérieurs
6;61;612;Redevances pour utilisation d'immobilisations concédées;612D;R.1.2.6.;N;R.09;Résultat;1. Résultat d'exploitation;1.2. Charges d'exploitation;1.2.6. Autres charges d'exploitation;F6003;F60030057;Services extérieurs
6;61;612;Redevances pour utilisation d'immobilisations concédées;612C;R.1.2.6.;N;R.09;Résultat;1. Résultat d'exploitation;1.2. Charges d'exploitation;1.2.6. Autres charges d'exploitation;F6003;F60030057;Services extérieurs
6;61;613;Locations (y compris malis sur emballages);613D;R.1.2.6.;N;R.09;Résultat;1. Résultat d'exploitation;1.2. Charges d'exploitation;1.2.6. Autres charges d'exploitation;F6003;F60030057;Services extérieurs
6;61;613;Locations (y compris malis sur emballages);613C;R.1.2.6.;N;R.09;Résultat;1. Résultat d'exploitation;1.2. Charges d'exploitation;1.2.6. Autres charges d'exploitation;F6003;F60030057;Services extérieurs
6;61;614;Charges locatives et de copropriété;614D;R.1.2.6.;N;R.09;Résultat;1. Résultat d'exploitation;1.2. Charges d'exploitation;1.2.6. Autres charges d'exploitation;F6003;F60030057;Services extérieurs
6;61;614;Charges locatives et de copropriété;614C;R.1.2.6.;N;R.09;Résultat;1. Résultat d'exploitation;1.2. Charges d'exploitation;1.2.6. Autres charges d'exploitation;F6003;F60030057;Services extérieurs
6;61;615;Entretien et réparations;615D;R.1.2.6.;N;R.09;Résultat;1. Résultat d'exploitation;1.2. Charges d'exploitation;1.2.6. Autres charges d'exploitation;F6003;F60030057;Services extérieurs
6;61;615;Entretien et réparations;615C;R.1.2.6.;N;R.09;Résultat;1. Résultat d'exploitation;1.2. Charges d'exploitation;1.2.6. Autres charges d'exploitation;F6003;F60030057;Services extérieurs
6;61;616;Primes d'assurances;616D;R.1.2.6.;N;R.09;Résultat;1. Résultat d'exploitation;1.2. Charges d'exploitation;1.2.6. Autres charges d'exploitation;F6003;F60030057;Services extérieurs
6;61;616;Primes d'assurances;616C;R.1.2.6.;N;R.09;Résultat;1. Résultat d'exploitation;1.2. Charges d'exploitation;1.2.6. Autres charges d'exploitation;F6003;F60030057;Services extérieurs
6;61;617;Études, recherches et divers services extérieurs;617D;R.1.2.6.;N;R.09;Résultat;1. Résultat d'exploitation;1.2. Charges d'exploitation;1.2.6. Autres charges d'exploitation;F6003;F60030054;Achats déétudes et prestations services (y compris achat de sous-traitance production)
6;61;617;Études, recherches et divers services extérieurs;617C;R.1.2.6.;N;R.09;Résultat;1. Résultat d'exploitation;1.2. Charges d'exploitation;1.2.6. Autres charges d'exploitation;F6003;F60030054;Achats déétudes et prestations services (y compris achat de sous-traitance production)
6;61;618;Autres charges liées à une modification comptable à prendre en compte dans le résultat de l'exercice ou à une activité abandonnée;618D;R.1.2.6.;N;R.09;Résultat;1. Résultat d'exploitation;1.2. Charges d'exploitation;1.2.6. Autres charges d'exploitation;F6003;F60030059;Charges diverses ordinaires
6;61;618;Autres charges liées à une modification comptable à prendre en compte dans le résultat de l'exercice ou à une activité abandonnée;618C;R.1.2.6.;N;R.09;Résultat;1. Résultat d'exploitation;1.2. Charges d'exploitation;1.2.6. Autres charges d'exploitation;F6003;F60030059;Charges diverses ordinaires
6;61;619;Rabais, remises et ristournes obtenus sur services extérieurs;619D;R.1.2.6.;N;R.09;Résultat;1. Résultat d'exploitation;1.2. Charges d'exploitation;1.2.6. Autres charges d'exploitation;F6003;F60030033;Rabais, Remises et Ristournes (3R) obtenus/achats autres approvisionnements
6;61;619;Rabais, remises et ristournes obtenus sur services extérieurs;619C;R.1.2.6.;N;R.09;Résultat;1. Résultat d'exploitation;1.2. Charges d'exploitation;1.2.6. Autres charges d'exploitation;F6003;F60030033;Rabais, Remises et Ristournes (3R) obtenus/achats autres approvisionnements
6;62;621;Personnel extérieur à l'entreprise;621D;R.1.2.6.;N;R.09;Résultat;1. Résultat d'exploitation;1.2. Charges d'exploitation;1.2.6. Autres charges d'exploitation;F6003;F60030057;Services extérieurs
6;62;621;Personnel extérieur à l'entreprise;621C;R.1.2.6.;N;R.09;Résultat;1. Résultat d'exploitation;1.2. Charges d'exploitation;1.2.6. Autres charges d'exploitation;F6003;F60030057;Services extérieurs
6;62;622;Rémunération d'intermédiaires et honoraires;622D;R.1.2.6.;N;R.09;Résultat;1. Résultat d'exploitation;1.2. Charges d'exploitation;1.2.6. Autres charges d'exploitation;F6003;F60030057;Services extérieurs
6;62;622;Rémunération d'intermédiaires et honoraires;622C;R.1.2.6.;N;R.09;Résultat;1. Résultat d'exploitation;1.2. Charges d'exploitation;1.2.6. Autres charges d'exploitation;F6003;F60030057;Services extérieurs
6;62;623;Publicité, publications, relations publiques;623D;R.1.2.6.;N;R.09;Résultat;1. Résultat d'exploitation;1.2. Charges d'exploitation;1.2.6. Autres charges d'exploitation;F6003;F60030057;Services extérieurs
6;62;623;Publicité, publications, relations publiques;623C;R.1.2.6.;N;R.09;Résultat;1. Résultat d'exploitation;1.2. Charges d'exploitation;1.2.6. Autres charges d'exploitation;F6003;F60030057;Services extérieurs
6;62;624;Transports de biens et transports collectifs du personnel;624D;R.1.2.6.;N;R.09;Résultat;1. Résultat d'exploitation;1.2. Charges d'exploitation;1.2.6. Autres charges d'exploitation;F6003;F60030057;Services extérieurs
6;62;624;Transports de biens et transports collectifs du personnel;624C;R.1.2.6.;N;R.09;Résultat;1. Résultat d'exploitation;1.2. Charges d'exploitation;1.2.6. Autres charges d'exploitation;F6003;F60030057;Services extérieurs
6;62;625;Déplacements, missions et réceptions;625D;R.1.2.6.;N;R.09;Résultat;1. Résultat d'exploitation;1.2. Charges d'exploitation;1.2.6. Autres charges d'exploitation;F6003;F60030057;Services extérieurs
6;62;625;Déplacements, missions et réceptions;625C;R.1.2.6.;N;R.09;Résultat;1. Résultat d'exploitation;1.2. Charges d'exploitation;1.2.6. Autres charges d'exploitation;F6003;F60030057;Services extérieurs
6;62;626;Frais postaux et frais de télécommunications;626D;R.1.2.6.;N;R.09;Résultat;1. Résultat d'exploitation;1.2. Charges d'exploitation;1.2.6. Autres charges d'exploitation;F6003;F60030057;Services extérieurs
6;62;626;Frais postaux et frais de télécommunications;626C;R.1.2.6.;N;R.09;Résultat;1. Résultat d'exploitation;1.2. Charges d'exploitation;1.2.6. Autres charges d'exploitation;F6003;F60030057;Services extérieurs
6;62;627;Services bancaires et assimilés;627D;R.1.2.6.;N;R.09;Résultat;1. Résultat d'exploitation;1.2. Charges d'exploitation;1.2.6. Autres charges d'exploitation;F6003;F60030057;Services extérieurs
6;62;627;Services bancaires et assimilés;627C;R.1.2.6.;N;R.09;Résultat;1. Résultat d'exploitation;1.2. Charges d'exploitation;1.2.6. Autres charges d'exploitation;F6003;F60030057;Services extérieurs
6;62;628;Autres services extérieurs liés à une modification comptable à prendre en compte dans le résultat de l'exercice ou à une activité abandonnée;628D;R.1.2.6.;N;R.09;Résultat;1. Résultat d'exploitation;1.2. Charges d'exploitation;1.2.6. Autres charges d'exploitation;F6003;F60030059;Charges diverses ordinaires
6;62;628;Autres services extérieurs liés à une modification comptable à prendre en compte dans le résultat de l'exercice ou à une activité abandonnée;628C;R.1.2.6.;N;R.09;Résultat;1. Résultat d'exploitation;1.2. Charges d'exploitation;1.2.6. Autres charges d'exploitation;F6003;F60030059;Charges diverses ordinaires
6;62;629;Rabais, remises et ristournes obtenus sur autres services extérieurs;629D;R.1.2.6.;N;R.09;Résultat;1. Résultat d'exploitation;1.2. Charges d'exploitation;1.2.6. Autres charges d'exploitation;F6003;F60030059;Charges diverses ordinaires
6;62;629;Rabais, remises et ristournes obtenus sur autres services extérieurs;629C;R.1.2.6.;N;R.09;Résultat;1. Résultat d'exploitation;1.2. Charges d'exploitation;1.2.6. Autres charges d'exploitation;F6003;F60030059;Charges diverses ordinaires
6;63;631;Redevances pour concessions de marques, brevets, licences, procédés, droits et valeurs similaires;631D;R.1.2.6.;N;R.09;Résultat;1. Résultat d'exploitation;1.2. Charges d'exploitation;1.2.6. Autres charges d'exploitation;F6003;F60030057;Services extérieurs
6;63;631;Redevances pour concessions de marques, brevets, licences, procédés, droits et valeurs similaires;631C;R.1.2.6.;N;R.09;Résultat;1. Résultat d'exploitation;1.2. Charges d'exploitation;1.2.6. Autres charges d'exploitation;F6003;F60030057;Services extérieurs
6;63;633;Jetons de présence;633D;R.1.2.6.;N;R.09;Résultat;1. Résultat d'exploitation;1.2. Charges d'exploitation;1.2.6. Autres charges d'exploitation;F6003;F60030059;Charges diverses ordinaires
6;63;633;Jetons de présence;633C;R.1.2.6.;N;R.09;Résultat;1. Résultat d'exploitation;1.2. Charges d'exploitation;1.2.6. Autres charges d'exploitation;F6003;F60030059;Charges diverses ordinaires
6;63;634;Pertes sur créances irrécouvrables;634D;R.1.2.6.;N;R.09;Résultat;1. Résultat d'exploitation;1.2. Charges d'exploitation;1.2.6. Autres charges d'exploitation;F6003;F60030059;Charges diverses ordinaires
6;63;634;Pertes sur créances irrécouvrables;634C;R.1.2.6.;N;R.09;Résultat;1. Résultat d'exploitation;1.2. Charges d'exploitation;1.2.6. Autres charges d'exploitation;F6003;F60030059;Charges diverses ordinaires
6;63;635;Quotes-parts de résultat sur opérations faites en commun;635D;R.1.2.6.;N;R.09;Résultat;1. Résultat d'exploitation;1.2. Charges d'exploitation;1.2.6. Autres charges d'exploitation;F6003;F60030059;Charges diverses ordinaires
6;63;635;Quotes-parts de résultat sur opérations faites en commun;635C;R.1.2.6.;N;R.09;Résultat;1. Résultat d'exploitation;1.2. Charges d'exploitation;1.2.6. Autres charges d'exploitation;F6003;F60030059;Charges diverses ordinaires
6;63;636;Charges nettes sur cessions d'immobilisations et autres pertes sur éléments non récurrents ou exceptionnels;636D;R.2.1.4.;R;R.13;Résultat;2. Résultat des activités ordinaires;2.1. Résultat des activités ordinaires;2.1.4. Autres pertes ordinaires;F6003;F60030073;Charges Nettes/cession immobilisations
6;63;636;Charges nettes sur cessions d'immobilisations et autres pertes sur éléments non récurrents ou exceptionnels;636C;R.2.1.4.;R;R.13;Résultat;2. Résultat des activités ordinaires;2.1. Résultat des activités ordinaires;2.1.4. Autres pertes ordinaires;F6003;F60030073;Charges Nettes/cession immobilisations
6;63;637;Réduction de valeur;637D;R.1.2.6.;N;R.09;Résultat;1. Résultat d'exploitation;1.2. Charges d'exploitation;1.2.6. Autres charges d'exploitation;F6003;F60030075;Réduction de valeur
6;63;637;Réduction de valeur;637C;R.1.2.6.;N;R.09;Résultat;1. Résultat d'exploitation;1.2. Charges d'exploitation;1.2.6. Autres charges d'exploitation;F6003;F60030075;Réduction de valeur
6;63;638;Charges divers ordinaires liés à une modification comptable à prendre en compte dans le résultat de l'exercice ou à une activité abandonnée;638D;R.1.2.6.;N;R.09;Résultat;1. Résultat d'exploitation;1.2. Charges d'exploitation;1.2.6. Autres charges d'exploitation;F6003;F60030059;Charges diverses ordinaires
6;63;638;Charges divers ordinaires liés à une modification comptable à prendre en compte dans le résultat de l'exercice ou à une activité abandonnée;638C;R.1.2.6.;N;R.09;Résultat;1. Résultat d'exploitation;1.2. Charges d'exploitation;1.2.6. Autres charges d'exploitation;F6003;F60030059;Charges diverses ordinaires
6;64;640;Salaires et compléments de salaires;640D;R.1.2.4.;H;R.07;Résultat;1. Résultat d'exploitation;1.2. Charges d'exploitation;1.2.4. Charges de personnel;F6003;F60030037;Salaires et compléments de salaires
6;64;640;Salaires et compléments de salaires;640C;R.1.2.4.;H;R.07;Résultat;1. Résultat d'exploitation;1.2. Charges d'exploitation;1.2.4. Charges de personnel;F6003;F60030037;Salaires et compléments de salaires
6;64;642;Appointements et compléments d'appointements;642D;R.1.2.4.;H;R.07;Résultat;1. Résultat d'exploitation;1.2. Charges d'exploitation;1.2.4. Charges de personnel;F6003;F60030038;Appointements et compléments d'appoint.
6;64;642;Appointements et compléments d'appointements;642C;R.1.2.4.;H;R.07;Résultat;1. Résultat d'exploitation;1.2. Charges d'exploitation;1.2.4. Charges de personnel;F6003;F60030038;Appointements et compléments d'appoint.
6;64;643;Indemnités représentatives de frais;643D;R.1.2.4.;H;R.07;Résultat;1. Résultat d'exploitation;1.2. Charges d'exploitation;1.2.4. Charges de personnel;F6003;F60030039;Indemnités représentatives de frais
6;64;643;Indemnités représentatives de frais;643C;R.1.2.4.;H;R.07;Résultat;1. Résultat d'exploitation;1.2. Charges d'exploitation;1.2.4. Charges de personnel;F6003;F60030039;Indemnités représentatives de frais
6;64;644;Commissions au personnel;644D;R.1.2.4.;H;R.07;Résultat;1. Résultat d'exploitation;1.2. Charges d'exploitation;1.2.4. Charges de personnel;F6003;F60030040;Commissions au personnel
6;64;644;Commissions au personnel;644C;R.1.2.4.;H;R.07;Résultat;1. Résultat d'exploitation;1.2. Charges d'exploitation;1.2.4. Charges de personnel;F6003;F60030040;Commissions au personnel
6;64;645;Rémunérations des administrateurs, gérants et associés;645D;R.1.2.4.;H;R.07;Résultat;1. Résultat d'exploitation;1.2. Charges d'exploitation;1.2.4. Charges de personnel;F6003;F60030041;Rémun.des administrateurs, gérants et associés
6;64;645;Rémunérations des administrateurs, gérants et associés;645C;R.1.2.4.;H;R.07;Résultat;1. Résultat d'exploitation;1.2. Charges d'exploitation;1.2.4. Charges de personnel;F6003;F60030041;Rémun.des administrateurs, gérants et associés
6;64;646;Charges connexes aux salaires, appointements, commissions et rémunérations;646D;R.1.2.4.;H;R.07;Résultat;1. Résultat d'exploitation;1.2. Charges d'exploitation;1.2.4. Charges de personnel;F6003;F60030042;Ch.connexes sal., appoint., comm. et rémun.
6;64;646;Charges connexes aux salaires, appointements, commissions et rémunérations;646C;R.1.2.4.;H;R.07;Résultat;1. Résultat d'exploitation;1.2. Charges d'exploitation;1.2.4. Charges de personnel;F6003;F60030042;Ch.connexes sal., appoint., comm. et rémun.
6;64;647;Charges sociales légales;647D;R.1.2.4.;H;R.07;Résultat;1. Résultat d'exploitation;1.2. Charges d'exploitation;1.2.4. Charges de personnel;F6003;F60030043;Charges sociales légales
6;64;647;Charges sociales légales;647C;R.1.2.4.;H;R.07;Résultat;1. Résultat d'exploitation;1.2. Charges d'exploitation;1.2.4. Charges de personnel;F6003;F60030043;Charges sociales légales
6;64;648;Charges de personnel liées à une modification comptable à imputer au résultat de l'exercice ou à une activité abandonnée;648D;R.1.2.4.;H;R.07;Résultat;1. Résultat d'exploitation;1.2. Charges d'exploitation;1.2.4. Charges de personnel;F6003;F60030045;Autres charges de PL et autres charges sociales
6;64;648;Charges de personnel liées à une modification comptable à imputer au résultat de l'exercice ou à une activité abandonnée;648C;R.1.2.4.;H;R.07;Résultat;1. Résultat d'exploitation;1.2. Charges d'exploitation;1.2.4. Charges de personnel;F6003;F60030045;Autres charges de PL et autres charges sociales
6;64;649;Autres charges de personnelles et autres charges sociales;649D;R.1.2.4.;H;R.07;Résultat;1. Résultat d'exploitation;1.2. Charges d'exploitation;1.2.4. Charges de personnel;F6003;F60030045;Autres charges de PL et autres charges sociales
6;64;649;Autres charges de personnelles et autres charges sociales;649C;R.1.2.4.;H;R.07;Résultat;1. Résultat d'exploitation;1.2. Charges d'exploitation;1.2.4. Charges de personnel;F6003;F60030045;Autres charges de PL et autres charges sociales
6;65;651;Charges d'intérêts;651D;R.2.1.1.;S;R.10;Résultat;2. Résultat des activités ordinaires;2.1. Résultat des activités ordinaires;2.1.1. Charges financières nettes;F6003;F60030063;Charges financiéres
6;65;651;Charges d'intérêts;651C;R.2.1.1.;S;R.10;Résultat;2. Résultat des activités ordinaires;2.1. Résultat des activités ordinaires;2.1.1. Charges financières nettes;F6003;F60030063;Charges financiéres
6;65;652;PENALITES FISCALES;652D;R.2.1.1.;S;R.10;Résultat;2. Résultat des activités ordinaires;2.1. Résultat des activités ordinaires;2.1.1. Charges financières nettes;F6003;F60030060;Impéts, taxes et versements assimilés
6;65;653;Pertes sur créances liées à des participations;653D;R.2.1.2.;S;R.11;Résultat;2. Résultat des activités ordinaires;2.1. Résultat des activités ordinaires;2.1.2. Produits des placements;F6003;F60030063;Charges financiéres
6;65;653;Pertes sur créances liées à des participations;653C;R.2.1.2.;S;R.11;Résultat;2. Résultat des activités ordinaires;2.1. Résultat des activités ordinaires;2.1.2. Produits des placements;F6003;F60030063;Charges financiéres
6;65;654;Escomptes accordés;654D;R.2.1.1.;S;R.10;Résultat;2. Résultat des activités ordinaires;2.1. Résultat des activités ordinaires;2.1.1. Charges financières nettes;F6003;F60030063;Charges financiéres
6;65;654;Escomptes accordés;654C;R.2.1.1.;S;R.10;Résultat;2. Résultat des activités ordinaires;2.1. Résultat des activités ordinaires;2.1.1. Charges financières nettes;F6003;F60030063;Charges financiéres
6;65;655;Pertes de change;655D;R.2.1.1.;S;R.10;Résultat;2. Résultat des activités ordinaires;2.1. Résultat des activités ordinaires;2.1.1. Charges financières nettes;F6003;F60030063;Charges financiéres
6;65;655;Pertes de change;655C;R.2.1.1.;S;R.10;Résultat;2. Résultat des activités ordinaires;2.1. Résultat des activités ordinaires;2.1.1. Charges financières nettes;F6003;F60030063;Charges financiéres
6;65;656;Charges nettes sur cessions de valeurs mobilières;656D;R.2.1.2.;S;R.11;Résultat;2. Résultat des activités ordinaires;2.1. Résultat des activités ordinaires;2.1.2. Produits des placements;F6003;F60030063;Charges financiéres
6;65;656;Charges nettes sur cessions de valeurs mobilières;656C;R.2.1.2.;S;R.11;Résultat;2. Résultat des activités ordinaires;2.1. Résultat des activités ordinaires;2.1.2. Produits des placements;F6003;F60030063;Charges financiéres
6;65;657;Autres charges financières;657D;R.2.1.1.;S;R.10;Résultat;2. Résultat des activités ordinaires;2.1. Résultat des activités ordinaires;2.1.1. Charges financières nettes;F6003;F60030063;Charges financiéres
6;65;657;Autres charges financières;657C;R.2.1.1.;S;R.10;Résultat;2. Résultat des activités ordinaires;2.1. Résultat des activités ordinaires;2.1.1. Charges financières nettes;F6003;F60030063;Charges financiéres
6;65;658;Charges financières liées à une modification comptable à imputer au résultat de l'exercice ou à une activité abandonnée;658D;R.2.1.1.;S;R.10;Résultat;2. Résultat des activités ordinaires;2.1. Résultat des activités ordinaires;2.1.1. Charges financières nettes;F6003;F60030059;Charges diverses ordinaires
6;65;658;Charges financières liées à une modification comptable à imputer au résultat de l'exercice ou à une activité abandonnée;658C;R.2.1.1.;S;R.10;Résultat;2. Résultat des activités ordinaires;2.1. Résultat des activités ordinaires;2.1.1. Charges financières nettes;F6003;F60030059;Charges diverses ordinaires
6;66;661;Impôts, taxes et versements assimilés sur rémunérations;661D;R.1.2.6.;I;R.09;Résultat;1. Résultat d'exploitation;1.2. Charges d'exploitation;1.2.6. Autres charges d'exploitation;F6003;F60030060;Impéts, taxes et versements assimilés
6;66;661;Impôts, taxes et versements assimilés sur rémunérations;661C;R.1.2.6.;I;R.09;Résultat;1. Résultat d'exploitation;1.2. Charges d'exploitation;1.2.6. Autres charges d'exploitation;F6003;F60030060;Impéts, taxes et versements assimilés
6;66;665;Autres impôts, taxes et versements assimilés;665D;R.1.2.6.;I;R.09;Résultat;1. Résultat d'exploitation;1.2. Charges d'exploitation;1.2.6. Autres charges d'exploitation;F6003;F60030060;Impéts, taxes et versements assimilés
6;66;665;Autres impôts, taxes et versements assimilés;665C;R.1.2.6.;I;R.09;Résultat;1. Résultat d'exploitation;1.2. Charges d'exploitation;1.2.6. Autres charges d'exploitation;F6003;F60030060;Impéts, taxes et versements assimilés
6;66;668;Impôts et taxes liés à une modification comptable à imputer au résultat de l'exercice ou à une activité abandonnée;668D;R.1.2.6.;I;R.09;Résultat;1. Résultat d'exploitation;1.2. Charges d'exploitation;1.2.6. Autres charges d'exploitation;F6003;F60030060;Impéts, taxes et versements assimilés
6;66;668;Impôts et taxes liés à une modification comptable à imputer au résultat de l'exercice ou à une activité abandonnée;668C;R.1.2.6.;I;R.09;Résultat;1. Résultat d'exploitation;1.2. Charges d'exploitation;1.2.6. Autres charges d'exploitation;F6003;F60030060;Impéts, taxes et versements assimilés
6;67;670;Pertes extraordinaires;670C;R.4.1.1.;R;R.15;Résultat;4. Eléments extraordinaires (Gains/Pertes);4.1. Eléments extraordinaires (Gains/Pertes);4.1.1. Eléments extraordinaires (Gains/Pertes);F6003;F60030083;Pertes extraordinaires
6;67;670;Pertes extraordinaires;670D;R.4.1.1.;R;R.15;Résultat;4. Eléments extraordinaires (Gains/Pertes);4.1. Eléments extraordinaires (Gains/Pertes);4.1.1. Eléments extraordinaires (Gains/Pertes);F6003;F60030083;Pertes extraordinaires
6;68;681;Dotations aux amortissements et aux provisions - charges ordinaires (autres que financières);681D;R.1.2.5.;R;R.08;Résultat;1. Résultat d'exploitation;1.2. Charges d'exploitation;1.2.5. Dotations aux amortissements et aux provisions;F6003;F60030047;Dot.amort. et prov.-Ch.ord.(autres que Fin.)
6;68;681;Dotations aux amortissements et aux provisions - charges ordinaires (autres que financières);681C;R.1.2.5.;R;R.08;Résultat;1. Résultat d'exploitation;1.2. Charges d'exploitation;1.2.5. Dotations aux amortissements et aux provisions;F6003;F60030047;Dot.amort. et prov.-Ch.ord.(autres que Fin.)
6;68;686;Dotations aux amortissements et aux provisions - charges financières;686D;R.2.1.1.;S;R.10;Résultat;2. Résultat des activités ordinaires;2.1. Résultat des activités ordinaires;2.1.1. Charges financières nettes;F6003;F60030064;Dot.amort. et provisions - charges financiéres
6;68;686;Dotations aux amortissements et aux provisions - charges financières;686C;R.2.1.1.;S;R.10;Résultat;2. Résultat des activités ordinaires;2.1. Résultat des activités ordinaires;2.1.1. Charges financières nettes;F6003;F60030064;Dot.amort. et provisions - charges financiéres
6;69;690;Impôts sur les bénéfices calculés sur le résultat des activités ordinaires;690D;R.3.1.1.;I;R.14;Résultat;3. Impôt sur les bénéfices;3.1. Impôt sur les bénéfices;3.1.1. Impôt sur les bénéfices;F6003;F60030078;Impéts/Bénéfices calculés/Résultat/activ./ ord.
6;69;691;Impôts sur les bénéfices calculés sur le résultat des activités ordinaires;691D;R.3.1.1.;I;R.14;Résultat;3. Impôt sur les bénéfices;3.1. Impôt sur les bénéfices;3.1.1. Impôt sur les bénéfices;F6003;F60030078;Impéts/Bénéfices calculés/Résultat/activ./ ord.
6;69;691;Impôts sur les bénéfices calculés sur le résultat des activités ordinaires;691C;R.3.1.1.;I;R.14;Résultat;3. Impôt sur les bénéfices;3.1. Impôt sur les bénéfices;3.1.1. Impôt sur les bénéfices;F6003;F60030078;Impéts/Bénéfices calculés/Résultat/activ./ ord.
6;69;695;Autres impôts sur les bénéfices (régimes particuliers);695D;R.3.1.1.;I;R.14;Résultat;3. Impôt sur les bénéfices;3.1. Impôt sur les bénéfices;3.1.1. Impôt sur les bénéfices;F6003;F60030079;Autres impéts/Bénéfice (régimes particuliers)
6;69;695;Autres impôts sur les bénéfices (régimes particuliers);695C;R.3.1.1.;I;R.14;Résultat;3. Impôt sur les bénéfices;3.1. Impôt sur les bénéfices;3.1.1. Impôt sur les bénéfices;F6003;F60030079;Autres impéts/Bénéfice (régimes particuliers)
6;69;697;Impôts sur les bénéfices calculés sur les éléments extraordinaires;697D;R.3.1.1.;I;R.14;Résultat;3. Impôt sur les bénéfices;3.1. Impôt sur les bénéfices;3.1.1. Impôt sur les bénéfices;F6003;F60030079;Autres impéts/Bénéfice (régimes particuliers)
6;69;697;Impôts sur les bénéfices calculés sur les éléments extraordinaires;697C;R.3.1.1.;I;R.14;Résultat;3. Impôt sur les bénéfices;3.1. Impôt sur les bénéfices;3.1.1. Impôt sur les bénéfices;F6003;F60030079;Autres impéts/Bénéfice (régimes particuliers)
7;70;701;Ventes de produits finis;701D;R.1.1.1.;G;R.01;Résultat;1. Résultat d'exploitation;1.1. Produits d’exploitation;1.1.1. Revenus;F6003;F60030007;Ventes de Produits Finis
7;70;701;Ventes de produits finis;701C;R.1.1.1.;G;R.01;Résultat;1. Résultat d'exploitation;1.1. Produits d’exploitation;1.1.1. Revenus;F6003;F60030007;Ventes de Produits Finis
7;70;702;Ventes de produits intermédiaires;702D;R.1.1.1.;G;R.01;Résultat;1. Résultat d'exploitation;1.1. Produits d’exploitation;1.1.1. Revenus;F6003;F60030008;Ventes de Produits Intermédiaires
7;70;702;Ventes de produits intermédiaires;702C;R.1.1.1.;G;R.01;Résultat;1. Résultat d'exploitation;1.1. Produits d’exploitation;1.1.1. Revenus;F6003;F60030008;Ventes de Produits Intermédiaires
7;70;703;Ventes de produits résiduels;703D;R.1.1.1.;G;R.01;Résultat;1. Résultat d'exploitation;1.1. Produits d’exploitation;1.1.1. Revenus;F6003;F60030009;Ventes de Produits Résiduels
7;70;703;Ventes de produits résiduels;703C;R.1.1.1.;G;R.01;Résultat;1. Résultat d'exploitation;1.1. Produits d’exploitation;1.1.1. Revenus;F6003;F60030009;Ventes de Produits Résiduels
7;70;704;Travaux;704D;R.1.1.1.;G;R.01;Résultat;1. Résultat d'exploitation;1.1. Produits d’exploitation;1.1.1. Revenus;F6003;F60030010;Ventes des Travaux
7;70;704;Travaux;704C;R.1.1.1.;G;R.01;Résultat;1. Résultat d'exploitation;1.1. Produits d’exploitation;1.1.1. Revenus;F6003;F60030010;Ventes des Travaux
7;70;705;Études et prestations de services;705D;R.1.1.1.;G;R.01;Résultat;1. Résultat d'exploitation;1.1. Produits d’exploitation;1.1.1. Revenus;F6003;F60030011;Ventes des Etudes et Prestations de Services
7;70;705;Études et prestations de services;705C;R.1.1.1.;G;R.01;Résultat;1. Résultat d'exploitation;1.1. Produits d’exploitation;1.1.1. Revenus;F6003;F60030011;Ventes des Etudes et Prestations de Services
7;70;706;Produits des activités annexes;706D;R.1.1.1.;G;R.01;Résultat;1. Résultat d'exploitation;1.1. Produits d’exploitation;1.1.1. Revenus;F6003;F60030012;Produits des Activités Annexes
7;70;706;Produits des activités annexes;706C;R.1.1.1.;G;R.01;Résultat;1. Résultat d'exploitation;1.1. Produits d’exploitation;1.1.1. Revenus;F6003;F60030012;Produits des Activités Annexes
7;70;707;Ventes de marchandises;707D;R.1.1.1.;G;R.01;Résultat;1. Résultat d'exploitation;1.1. Produits d’exploitation;1.1.1. Revenus;F6003;F60030004;Ventes de Marchandises
7;70;707;Ventes de marchandises;707C;R.1.1.1.;G;R.01;Résultat;1. Résultat d'exploitation;1.1. Produits d’exploitation;1.1.1. Revenus;F6003;F60030004;Ventes de Marchandises
7;70;708;Ventes liées à une modification comptable à imputer au résultat de l'exercice ou à une activité abandonnée;708D;R.1.1.1.;G;R.01;Résultat;1. Résultat d'exploitation;1.1. Produits d’exploitation;1.1.1. Revenus;F6003;F60030016;Produits divers ordin.(sans gains/cession immo.)
7;70;708;Ventes liées à une modification comptable à imputer au résultat de l'exercice ou à une activité abandonnée;708C;R.1.1.1.;G;R.01;Résultat;1. Résultat d'exploitation;1.1. Produits d’exploitation;1.1.1. Revenus;F6003;F60030016;Produits divers ordin.(sans gains/cession immo.)
7;70;709;Rabais, remises et ristournes accordés par l'entreprise;709D;R.1.1.1.;G;R.01;Résultat;1. Résultat d'exploitation;1.1. Produits d’exploitation;1.1.1. Revenus;F6003;F60030005;Rabais, Remises et Ristournes (3R) accordés/ventes de Marchandises
7;70;709;Rabais, remises et ristournes accordés par l'entreprise;709C;R.1.1.1.;G;R.01;Résultat;1. Résultat d'exploitation;1.1. Produits d’exploitation;1.1.1. Revenus;F6003;F60030005;Rabais, Remises et Ristournes (3R) accordés/ventes de Marchandises
7;71;713;Variation des stocks (en-cours de production, produits);713D;R.1.2.1.;E;R.04;Résultat;1. Résultat d'exploitation;1.2. Charges d'exploitation;1.2.1. Variation des stocks des produits finis et des encours (en+ou-);F6003;F60030022;Variations des en-cours de production biens
7;71;713;Variation des stocks (en-cours de production, produits);713C;R.1.2.1.;E;R.04;Résultat;1. Résultat d'exploitation;1.2. Charges d'exploitation;1.2.1. Variation des stocks des produits finis et des encours (en+ou-);F6003;F60030022;Variations des en-cours de production biens
7;72;721;Immobilisations incorporelles;721D;R.1.1.3.;G;R.03;Résultat;1. Résultat d'exploitation;1.1. Produits d’exploitation;1.1.3. Production immobilisée;F6003;F60030014;Production immobilisée
7;72;721;Immobilisations incorporelles;721C;R.1.1.3.;G;R.03;Résultat;1. Résultat d'exploitation;1.1. Produits d’exploitation;1.1.3. Production immobilisée;F6003;F60030014;Production immobilisée
7;72;722;Immobilisations corporelles;722D;R.1.1.3.;G;R.03;Résultat;1. Résultat d'exploitation;1.1. Produits d’exploitation;1.1.3. Production immobilisée;F6003;F60030014;Production immobilisée
7;72;722;Immobilisations corporelles;722C;R.1.1.3.;G;R.03;Résultat;1. Résultat d'exploitation;1.1. Produits d’exploitation;1.1.3. Production immobilisée;F6003;F60030014;Production immobilisée
7;72;728;Production immobilisée liée à une modification comptable à imputer au résultat de l'exercice ou à une activité abandonnée;728D;R.1.1.3.;G;R.03;Résultat;1. Résultat d'exploitation;1.1. Produits d’exploitation;1.1.3. Production immobilisée;F6003;F60030016;Produits divers ordin.(sans gains/cession immo.)
7;72;728;Production immobilisée liée à une modification comptable à imputer au résultat de l'exercice ou à une activité abandonnée;728C;R.1.1.3.;G;R.03;Résultat;1. Résultat d'exploitation;1.1. Produits d’exploitation;1.1.3. Production immobilisée;F6003;F60030016;Produits divers ordin.(sans gains/cession immo.)
7;73;731;Redevances pour concessions, brevets, licences, marques, procédés, droits et valeurs similaires;731D;R.1.1.2.;G;R.02;Résultat;1. Résultat d'exploitation;1.1. Produits d’exploitation;1.1.2. Autres produits d'exploitation;F6003;F60030016;Produits divers ordin.(sans gains/cession immo.)
7;73;731;Redevances pour concessions, brevets, licences, marques, procédés, droits et valeurs similaires;731C;R.1.1.2.;G;R.02;Résultat;1. Résultat d'exploitation;1.1. Produits d’exploitation;1.1.2. Autres produits d'exploitation;F6003;F60030016;Produits divers ordin.(sans gains/cession immo.)
7;73;732;Revenus des immeubles non affectés aux activités professionnelles;732D;R.1.1.2.;G;R.02;Résultat;1. Résultat d'exploitation;1.1. Produits d’exploitation;1.1.2. Autres produits d'exploitation;F6003;F60030016;Produits divers ordin.(sans gains/cession immo.)
7;73;732;Revenus des immeubles non affectés aux activités professionnelles;732C;R.1.1.2.;G;R.02;Résultat;1. Résultat d'exploitation;1.1. Produits d’exploitation;1.1.2. Autres produits d'exploitation;F6003;F60030016;Produits divers ordin.(sans gains/cession immo.)
7;73;733;Jetons de présence et rémunérations d'administrateurs, gérants;733D;R.1.1.2.;G;R.02;Résultat;1. Résultat d'exploitation;1.1. Produits d’exploitation;1.1.2. Autres produits d'exploitation;F6003;F60030016;Produits divers ordin.(sans gains/cession immo.)
7;73;733;Jetons de présence et rémunérations d'administrateurs, gérants;733C;R.1.1.2.;G;R.02;Résultat;1. Résultat d'exploitation;1.1. Produits d’exploitation;1.1.2. Autres produits d'exploitation;F6003;F60030016;Produits divers ordin.(sans gains/cession immo.)
7;73;734;Ristournes perçues des coopératives (provenant des excédents);734D;R.1.1.2.;G;R.02;Résultat;1. Résultat d'exploitation;1.1. Produits d’exploitation;1.1.2. Autres produits d'exploitation;F6003;F60030016;Produits divers ordin.(sans gains/cession immo.)
7;73;734;Ristournes perçues des coopératives (provenant des excédents);734C;R.1.1.2.;G;R.02;Résultat;1. Résultat d'exploitation;1.1. Produits d’exploitation;1.1.2. Autres produits d'exploitation;F6003;F60030016;Produits divers ordin.(sans gains/cession immo.)
7;73;735;Quotes-parts de résultat sur opérations faites en commun;735D;R.1.1.2.;G;R.02;Résultat;1. Résultat d'exploitation;1.1. Produits d’exploitation;1.1.2. Autres produits d'exploitation;F6003;F60030016;Produits divers ordin.(sans gains/cession immo.)
7;73;735;Quotes-parts de résultat sur opérations faites en commun;735C;R.1.1.2.;G;R.02;Résultat;1. Résultat d'exploitation;1.1. Produits d’exploitation;1.1.2. Autres produits d'exploitation;F6003;F60030016;Produits divers ordin.(sans gains/cession immo.)
7;73;736;Produits nets sur cessions d'immobilisations et autres gains sur éléments non récurrents ou exceptionnels;736D;R.2.1.3.;R;R.12;Résultat;2. Résultat des activités ordinaires;2.1. Résultat des activités ordinaires;2.1.3. Autres gains ordinaires;F6003;F60030070;Produits nets sur cessions d'immobilisations
7;73;736;Produits nets sur cessions d'immobilisations et autres gains sur éléments non récurrents ou exceptionnels;736C;R.2.1.3.;R;R.12;Résultat;2. Résultat des activités ordinaires;2.1. Résultat des activités ordinaires;2.1.3. Autres gains ordinaires;F6003;F60030070;Produits nets sur cessions d'immobilisations
7;73;738;Produits divers ordinaires liés à une modification comptable à imputer au résultat de l'exercice ou à une activité abandonnée;738D;R.1.1.2.;G;R.02;Résultat;1. Résultat d'exploitation;1.1. Produits d’exploitation;1.1.2. Autres produits d'exploitation;F6003;F60030016;Produits divers ordin.(sans gains/cession immo.)
7;73;738;Produits divers ordinaires liés à une modification comptable à imputer au résultat de l'exercice ou à une activité abandonnée;738C;R.1.1.2.;G;R.02;Résultat;1. Résultat d'exploitation;1.1. Produits d’exploitation;1.1.2. Autres produits d'exploitation;F6003;F60030016;Produits divers ordin.(sans gains/cession immo.)
7;73;739;Quotes-parts des subventions d'investissement inscrites au résultat de l'exercice;739D;R.1.1.2.;G;R.02;Résultat;1. Résultat d'exploitation;1.1. Produits d’exploitation;1.1.2. Autres produits d'exploitation;F6003;F60030017;Subventions d'exploitation et d'équilibre
7;73;739;Quotes-parts des subventions d'investissement inscrites au résultat de l'exercice;739C;R.1.1.2.;G;R.02;Résultat;1. Résultat d'exploitation;1.1. Produits d’exploitation;1.1.2. Autres produits d'exploitation;F6003;F60030017;Subventions d'exploitation et d'équilibre
7;74;741;Subventions d'exploitation;741D;R.1.1.2.;G;R.02;Résultat;1. Résultat d'exploitation;1.1. Produits d’exploitation;1.1.2. Autres produits d'exploitation;F6003;F60030017;Subventions d'exploitation et d'équilibre
7;74;741;Subventions d'exploitation;741C;R.1.1.2.;G;R.02;Résultat;1. Résultat d'exploitation;1.1. Produits d’exploitation;1.1.2. Autres produits d'exploitation;F6003;F60030017;Subventions d'exploitation et d'équilibre
7;74;745;Subventions d'équilibre;745D;R.1.1.2.;G;R.02;Résultat;1. Résultat d'exploitation;1.1. Produits d’exploitation;1.1.2. Autres produits d'exploitation;F6003;F60030017;Subventions d'exploitation et d'équilibre
7;74;745;Subventions d'équilibre;745C;R.1.1.2.;G;R.02;Résultat;1. Résultat d'exploitation;1.1. Produits d’exploitation;1.1.2. Autres produits d'exploitation;F6003;F60030017;Subventions d'exploitation et d'équilibre
7;74;748;Subventions liées à une modification comptable à imputer au résultat de l'exercice ou à une activité abandonnée;748D;R.1.1.2.;G;R.02;Résultat;1. Résultat d'exploitation;1.1. Produits d’exploitation;1.1.2. Autres produits d'exploitation;F6003;F60030016;Produits divers ordin.(sans gains/cession immo.)
7;74;748;Subventions liées à une modification comptable à imputer au résultat de l'exercice ou à une activité abandonnée;748C;R.1.1.2.;G;R.02;Résultat;1. Résultat d'exploitation;1.1. Produits d’exploitation;1.1.2. Autres produits d'exploitation;F6003;F60030016;Produits divers ordin.(sans gains/cession immo.)
7;75;751;Produits des participations;751D;R.2.1.2.;S;R.11;Résultat;2. Résultat des activités ordinaires;2.1. Résultat des activités ordinaires;2.1.2. Produits des placements;F6003;F60030066;Produits financiers
7;75;751;Produits des participations;751C;R.2.1.2.;S;R.11;Résultat;2. Résultat des activités ordinaires;2.1. Résultat des activités ordinaires;2.1.2. Produits des placements;F6003;F60030066;Produits financiers
7;75;752;Produits des autres immobilisations financières;752D;R.2.1.2.;S;R.11;Résultat;2. Résultat des activités ordinaires;2.1. Résultat des activités ordinaires;2.1.2. Produits des placements;F6003;F60030066;Produits financiers
7;75;752;Produits des autres immobilisations financières;752C;R.2.1.2.;S;R.11;Résultat;2. Résultat des activités ordinaires;2.1. Résultat des activités ordinaires;2.1.2. Produits des placements;F6003;F60030066;Produits financiers
7;75;753;Revenus des autres créances;753D;R.2.1.2.;S;R.11;Résultat;2. Résultat des activités ordinaires;2.1. Résultat des activités ordinaires;2.1.2. Produits des placements;F6003;F60030066;Produits financiers
7;75;753;Revenus des autres créances;753C;R.2.1.2.;S;R.11;Résultat;2. Résultat des activités ordinaires;2.1. Résultat des activités ordinaires;2.1.2. Produits des placements;F6003;F60030066;Produits financiers
7;75;754;Revenus des valeurs mobilières de placement;754D;R.2.1.2.;S;R.11;Résultat;2. Résultat des activités ordinaires;2.1. Résultat des activités ordinaires;2.1.2. Produits des placements;F6003;F60030066;Produits financiers
7;75;754;Revenus des valeurs mobilières de placement;754C;R.2.1.2.;S;R.11;Résultat;2. Résultat des activités ordinaires;2.1. Résultat des activités ordinaires;2.1.2. Produits des placements;F6003;F60030066;Produits financiers
7;75;755;Escomptes obtenus;755D;R.2.1.1.;S;R.10;Résultat;2. Résultat des activités ordinaires;2.1. Résultat des activités ordinaires;2.1.1. Charges financières nettes;F6003;F60030066;Produits financiers
7;75;755;Escomptes obtenus;755C;R.2.1.1.;S;R.10;Résultat;2. Résultat des activités ordinaires;2.1. Résultat des activités ordinaires;2.1.1. Charges financières nettes;F6003;F60030066;Produits financiers
7;75;756;Gains de change;756D;R.2.1.1.;S;R.10;Résultat;2. Résultat des activités ordinaires;2.1. Résultat des activités ordinaires;2.1.1. Charges financières nettes;F6003;F60030066;Produits financiers
7;75;756;Gains de change;756C;R.2.1.1.;S;R.10;Résultat;2. Résultat des activités ordinaires;2.1. Résultat des activités ordinaires;2.1.1. Charges financières nettes;F6003;F60030066;Produits financiers
7;75;757;Produits nets sur cessions de valeurs mobilières;757D;R.2.1.2.;S;R.11;Résultat;2. Résultat des activités ordinaires;2.1. Résultat des activités ordinaires;2.1.2. Produits des placements;F6003;F60030066;Produits financiers
7;75;757;Produits nets sur cessions de valeurs mobilières;757C;R.2.1.2.;S;R.11;Résultat;2. Résultat des activités ordinaires;2.1. Résultat des activités ordinaires;2.1.2. Produits des placements;F6003;F60030066;Produits financiers
7;75;758;Produits financiers liés à une modification comptable à imputer au résultat de l'exercice ou à une activité abandonnée;758D;R.2.1.1.;S;R.10;Résultat;2. Résultat des activités ordinaires;2.1. Résultat des activités ordinaires;2.1.1. Charges financières nettes;F6003;F60030068;Transferts de charges financiéres
7;75;758;Produits financiers liés à une modification comptable à imputer au résultat de l'exercice ou à une activité abandonnée;758C;R.2.1.1.;S;R.10;Résultat;2. Résultat des activités ordinaires;2.1. Résultat des activités ordinaires;2.1.1. Charges financières nettes;F6003;F60030068;Transferts de charges financiéres
7;77;770;Gains extraordinaires;770D;R.4.1.1.;R;R.15;Résultat;4. Eléments extraordinaires (Gains/Pertes);4.1. Eléments extraordinaires (Gains/Pertes);4.1.1. Eléments extraordinaires (Gains/Pertes);F6003;F60030082;Gains extraordinaires
7;77;770;Gains extraordinaires;770C;R.4.1.1.;R;R.15;Résultat;4. Eléments extraordinaires (Gains/Pertes);4.1. Eléments extraordinaires (Gains/Pertes);4.1.1. Eléments extraordinaires (Gains/Pertes);F6003;F60030082;Gains extraordinaires
7;78;781;Reprises sur amortissements et provisions (à inscrire dans les produits ordinaires);781D;R.1.1.2.;G;R.02;Résultat;1. Résultat d'exploitation;1.1. Produits d’exploitation;1.1.2. Autres produits d'exploitation;F6003;F60030018;Reprises sur amortissements et provisions
7;78;781;Reprises sur amortissements et provisions (à inscrire dans les produits ordinaires);781C;R.1.1.2.;G;R.02;Résultat;1. Résultat d'exploitation;1.1. Produits d’exploitation;1.1.2. Autres produits d'exploitation;F6003;F60030018;Reprises sur amortissements et provisions
7;78;786;Reprises sur provisions (à inscrire dans les produits financiers);786D;R.1.1.2.;G;R.02;Résultat;1. Résultat d'exploitation;1.1. Produits d’exploitation;1.1.2. Autres produits d'exploitation;F6003;F60030067;Reprise/prov.(é inscrire dans les pdts financ.)
7;78;786;Reprises sur provisions (à inscrire dans les produits financiers);786C;R.1.1.2.;G;R.02;Résultat;1. Résultat d'exploitation;1.1. Produits d’exploitation;1.1.2. Autres produits d'exploitation;F6003;F60030067;Reprise/prov.(é inscrire dans les pdts financ.)
7;79;790;Transferts de charges;790C;R.1.1.2.;G;R.02;Résultat;1. Résultat d'exploitation;1.1. Produits d’exploitation;1.1.2. Autres produits d'exploitation;F6003;F60030019;Transferts de charges
7;79;790;Transferts de charges;790D;R.1.1.2.;G;R.02;Résultat;1. Résultat d'exploitation;1.1. Produits d’exploitation;1.1.2. Autres produits d'exploitation;F6003;F60030019;Transferts de charges
